step,velocity_consensus_error,min_agent_distance,lattice_deviation_energy,mean_neighbor_count,connected_components,lambda_2
0,0.07289683843892122,0.7741458829251187,1.0378727574596593,6.625,1.0,2.101422524449978
1,0.13011990211408136,0.7745115165435353,1.0356809635181787,6.625,1.0,2.101422524449978
2,0.18809058416987556,0.7754913009222292,1.0324833660014803,6.625,1.0,2.101422524449978
3,0.24470396122070878,0.7770206332539585,1.0283119723947332,6.625,1.0,2.101422524449978
4,0.29969594983723624,0.7790405742332313,1.0231988214361867,6.625,1.0,2.101422524449978
5,0.3530963489663095,0.7814971691347438,1.0171758877796089,6.625,1.0,2.101422524449978
6,0.40500572238845406,0.7843408555581335,1.0102750277896615,6.625,1.0,2.101422524449978
7,0.45553700295259125,0.7875259462710308,1.0025279554146072,6.625,1.0,2.101422524449978
8,0.504797541905652,0.7910101772741854,0.993966239704049,6.625,1.0,2.101422524449978
9,0.5528835175571203,0.7947543126795037,0.9846213175222497,6.625,1.0,2.101422524449978
10,0.5998786110798697,0.7987217992576343,1.016064718315742,6.75,1.0,2.1140251222036235
11,0.6458546356507908,0.8028784645962964,1.004897777604184,6.75,1.0,2.1140251222036235
12,0.6908728773852699,0.8071922537560864,0.9930149752033858,6.75,1.0,2.1140251222036235
13,0.734984380044418,0.8116330000953746,0.9804482240843434,6.75,1.0,2.1140251222036235
14,0.7782308664636322,0.8161722265150306,0.9672294031127109,6.75,1.0,2.1140251222036235
15,0.8206456174314427,0.8207829739776623,0.9533903899329003,6.75,1.0,2.1140251222036235
16,0.862254265322355,0.8254396546175751,0.9805066446653582,6.875,1.0,2.1643052629201702
17,0.9030756712778742,0.8301179271364238,0.9651807979121068,6.875,1.0,2.1643052629201702
18,0.9431235008010337,0.834794592503208,0.9899730950823523,7.0,1.0,2.4167200457588023
19,0.9824060660697506,0.8394475011275235,0.9734408523981407,7.0,1.0,2.4167200457588023
20,1.0209269005223476,0.8440554492048943,0.9963047023576399,7.125,1.0,2.531361321557037
21,1.0586850370429115,0.8458091892600635,0.9784054568160784,7.125,1.0,2.531361321557037
22,1.0956770844314159,0.8417657017960116,0.9600433990969867,7.125,1.0,2.531361321557037
23,1.1318966905903003,0.8376306515724546,0.9806588950103294,7.25,1.0,2.726761800500714
24,1.1673340816912665,0.8334139823247485,0.9614900526983007,7.25,1.0,2.726761800500714
25,1.2019763003951436,0.8291256574377243,0.9799727913526209,7.375,1.0,2.8963143974386765
26,1.235809325585909,0.8247756285195029,0.9592771242547534,7.375,1.0,2.8963143974386765
27,1.2688199144993608,0.8203737982516621,1.0115807963202057,7.625,1.0,3.0759154901570986
28,1.3009979968726155,0.8159299777956179,1.0587500992954058,7.875,1.0,3.078473784335957
29,1.332340590959745,0.8114538393093751,1.0672652158984253,8.0,1.0,3.239435665135308
30,1.3615910615347018,0.8069547460638546,1.0748819589277698,8.125,1.0,3.3071279165661
31,1.3894122769035433,0.8024415761691848,1.0481046981757225,8.125,1.0,3.3071279165661
32,1.4149875840271704,0.7979227068029767,1.021190120818207,8.125,1.0,3.3071279165661
33,1.4393360123197936,0.79340592736335,1.0601139703232636,8.375,1.0,3.587711363926979
34,1.4628725298804273,0.7888984378235911,1.0313409769576318,8.375,1.0,3.587711363926979
35,1.485128878385128,0.7844068385262266,1.0349520785365285,8.5,1.0,3.6168277051750297
36,1.5055611894290175,0.7799373841413522,1.0376103392886469,8.625,1.0,3.625123323486084
37,1.525210134800717,0.7754962735056904,1.0080536466759686,8.625,1.0,3.625123323486084
38,1.544071766026192,0.7710889598432505,0.9786065984427988,8.625,1.0,3.625123323486084
39,1.5621364550365655,0.7667201469167919,0.9493035573884429,8.625,1.0,3.625123323486084
40,1.5793889393192535,0.7623937900500923,0.952083181454321,8.75,1.0,3.7428785929930712
41,1.5958121735291342,0.7581131026983687,0.9221479388245973,8.75,1.0,3.7428785929930712
42,1.6113897948030436,0.7538805687519575,0.9249873548079373,8.875,1.0,3.85564212916822
43,1.6261010258636972,0.7496979683435562,0.8945671631920914,8.875,1.0,3.85564212916822
44,1.6399283956225572,0.7455664730386663,0.8968331989594149,9.0,1.0,4.162271684987173
45,1.6528507445424823,0.7414866551167546,0.9298985616227824,9.25,1.0,4.269656578582048
46,1.6648431558755048,0.7374585020791432,0.8978213401269702,9.25,1.0,4.269656578582048
47,1.6758903822658509,0.7334814425578238,0.9269628638240278,9.5,1.0,4.632432798079739
48,1.6859834646873593,0.7295545715689618,0.9233776236646664,9.625,1.0,4.751192193181646
49,1.6951233949295412,0.725676346876012,0.920101835038638,9.75,1.0,4.959104127594197
50,1.7033120792414582,0.7218444178592973,0.9159464832678446,9.875,1.0,5.002481094961114
51,1.7104159776537047,0.7180557162747485,0.9391640960687483,10.125,1.0,5.116402257071276
52,1.7147357381738582,0.7143063046223452,0.9312925606671366,10.25,1.0,5.22111166247168
53,1.7180280693489591,0.710591335093878,0.950599131810622,10.5,1.0,5.445872911957302
54,1.7203222232090165,0.7069054839651142,0.9141823526198463,10.5,1.0,5.445872911957302
55,1.721654188284003,0.7032437116005451,0.9051822550406639,10.625,1.0,5.570600530617586
56,1.7220538601491975,0.6996012498229487,0.9226081777804471,10.875,1.0,5.6562438013416045
57,1.721545096393447,0.6959736021948483,0.9122525407179062,11.0,1.0,5.882877144809429
58,1.7200964940877443,0.6923568661344741,0.9515586225070372,11.375,1.0,6.220811108040326
59,1.7171779160585212,0.6887469848258638,0.9631951693416154,11.625,1.0,6.355948878151619
60,1.7131126515614024,0.684835127773331,0.9484111793379852,11.75,1.0,6.40558506564206
61,1.7081843264332015,0.6789149083912173,0.9346334645502654,11.875,1.0,6.472916308822107
62,1.7024529653084186,0.6730869544267049,0.8965967247302434,11.875,1.0,6.472916308822107
63,1.6959683304654518,0.6673534702450167,0.8596544452391454,11.875,1.0,6.472916308822107
64,1.6887702108615819,0.6617138306678761,0.8484645220896835,12.0,1.0,6.503138821678984
65,1.6808873575410765,0.6561651158747952,0.8128023503475603,12.0,1.0,6.503138821678984
66,1.672344346242042,0.6507025983162329,0.850625226848541,12.375,1.0,7.225953458275024
67,1.6629798683213473,0.6453206137989334,0.8390726073592754,12.5,1.0,7.5827340235124625
68,1.652829218651825,0.640014031148548,0.827317787728424,12.625,1.0,7.589969855476557
69,1.6419278200593492,0.63477824373758,0.7923437800122353,12.625,1.0,7.589969855476557
70,1.6303150857851163,0.6296083757056745,0.7824427028571929,12.75,1.0,7.6009929574528226
71,1.6178711656391602,0.6244992348312577,0.7489818128688753,12.75,1.0,7.6009929574528226
72,1.6046285916062604,0.6194454510414857,0.7629819707111577,13.0,1.0,7.739235537543542
73,1.5906292120703025,0.6144416207109179,0.7758485543321308,13.25,1.0,7.880184720235396
74,1.5759276232928576,0.6086610259871558,0.7654440426331577,13.375,1.0,8.668626167293318
75,1.560582397042441,0.6021753963361176,0.7329210378207278,13.375,1.0,8.668626167293318
76,1.5446451013287001,0.5957295595004497,0.7249041473920825,13.5,1.0,8.739865603697188
77,1.5281589946134098,0.5893228543037805,0.6940029070706686,13.5,1.0,8.739865603697188
78,1.5111682466818293,0.5829547955859201,0.6878397152476631,13.625,1.0,9.434212114501154
79,1.4937137561453184,0.5766251454858521,0.6585875841086233,13.625,1.0,9.434212114501154
80,1.4758323265745632,0.5703339637561489,0.630525893428951,13.625,1.0,9.434212114501154
81,1.4575567657804984,0.5640816448844784,0.6275794334107987,13.75,1.0,9.731071263427294
82,1.43891494524722,0.5578689689657576,0.6010238067208343,13.75,1.0,9.731071263427294
83,1.419933442074242,0.5516971100402119,0.5989221148504033,13.875,1.0,9.821539741519805
84,1.4006395521721933,0.5455676772618946,0.5969504859746743,14.0,1.0,9.894337686183402
85,1.3810641990530783,0.5394828139506733,0.595486537697662,14.125,1.0,10.676595723913515
86,1.3609287607485425,0.5334451104952811,0.6164755388944776,14.375,1.0,12.000000000000004
87,1.3400345318539513,0.5274575576534943,0.6137082083489989,14.5,1.0,13.000000000000005
88,1.3184601865589782,0.5215235601559045,0.6111882310321335,14.625,1.0,13.000000000000007
89,1.29629681285666,0.5156467580026997,0.5868648111895934,14.625,1.0,13.000000000000007
90,1.273641048695568,0.509830676055236,0.563645098331599,14.625,1.0,13.000000000000007
91,1.250583798538989,0.5040786723426047,0.5640180654760716,14.75,1.0,13.999999999999996
92,1.2272089445591452,0.49839393536232574,0.542149943022481,14.75,1.0,13.999999999999996
93,1.2036010533907961,0.49277947902046415,0.5432432094380573,14.875,1.0,14.0
94,1.1798433740984446,0.4872381307970295,0.5226912695387315,14.875,1.0,14.0
95,1.1560141561702795,0.48177252282237365,0.5031359558158277,14.875,1.0,14.0
96,1.1321804591244977,0.4763850877661273,0.48454333409123224,14.875,1.0,14.0
97,1.10839882208461,0.4710780580849315,0.46687902274168175,14.875,1.0,14.0
98,1.0847163131890616,0.46585346765644814,0.47304099343416955,15.0,1.0,15.999999999999975
99,1.0611722452972079,0.46071315491608344,0.4563767107832647,15.0,1.0,15.999999999999975
100,1.0378071019886344,0.45565876647119735,0.44056002295610147,15.0,1.0,15.999999999999975
101,1.014655703320157,0.4506917573218228,0.42555678467735486,15.0,1.0,15.999999999999975
102,0.9917450945570544,0.44581339009037546,0.4113334575826283,15.0,1.0,15.999999999999975
103,0.9690956805304081,0.44102472591278724,0.3978572739217658,15.0,1.0,15.999999999999975
104,0.9467225899100851,0.4363266350250266,0.3850963489445391,15.0,1.0,15.999999999999975
105,0.9246366939687949,0.4317198093472539,0.3730197544857926,15.0,1.0,15.999999999999975
106,0.9028455128283732,0.4272047739952448,0.3615975618951957,15.0,1.0,15.999999999999975
107,0.8813538195330589,0.4227818976255108,0.3508008625032922,15.0,1.0,15.999999999999975
108,0.8601640911075715,0.41845140167225453,0.34060177194892877,15.0,1.0,15.999999999999975
109,0.8392776774573849,0.41421336857124486,0.3309734152188611,15.0,1.0,15.999999999999975
110,0.818695246706507,0.4100677490068801,0.3218899025224938,15.0,1.0,15.999999999999975
111,0.7984171082765665,0.40601437579533867,0.3133263001777473,15.0,1.0,15.999999999999975
112,0.7784434650633185,0.4020529777241294,0.3052585986461435,15.0,1.0,15.999999999999975
113,0.7587746565085869,0.3981831796841702,0.297663678894642,15.0,1.0,15.999999999999975
114,0.7394112372054754,0.3944045038229823,0.290519279435336,15.0,1.0,15.999999999999975
115,0.7203539946483026,0.39071637162725775,0.2838039649521186,15.0,1.0,15.999999999999975
116,0.7016037990531434,0.3871181067842979,0.277497097683454,15.0,1.0,15.999999999999975
117,0.6831615991478937,0.3836089387171647,0.2715788106288605,15.0,1.0,15.999999999999975
118,0.6650286364614134,0.3801880066553915,0.2660299814285369,15.0,1.0,15.999999999999975
119,0.6472063438817153,0.37685436415251056,0.2608322089670575,15.0,1.0,15.999999999999975
120,0.629696212870182,0.3736069840340282,0.25596779264157976,15.0,1.0,15.999999999999975
121,0.6124997689000585,0.37044476652286396,0.2514197121823854,15.0,1.0,15.999999999999975
122,0.5956185094701553,0.3673665450825298,0.2471716091367283,15.0,1.0,15.999999999999975
123,0.5790537150477008,0.3643710904480207,0.24320777109511144,15.0,1.0,15.999999999999975
124,0.5628065727998803,0.36145711530935726,0.23951311476392517,15.0,1.0,15.999999999999975
125,0.5468781300444565,0.3586232793009587,0.2360731697388678,15.0,1.0,15.999999999999975
126,0.5312691853629743,0.3558681905247748,0.23287406377671221,15.0,1.0,15.999999999999975
127,0.5159803516701419,0.3531904104607449,0.2299025074362731,15.0,1.0,15.999999999999975
128,0.5010120688356129,0.3505884611868291,0.2271457787792495,15.0,1.0,15.999999999999975
129,0.4863645836109517,0.34806083202290516,0.22459170847297236,15.0,1.0,15.999999999999975
130,0.4720379426884117,0.34560598636287154,0.22222866516727677,15.0,1.0,15.999999999999975
131,0.4580319473776581,0.34322237530725513,0.22004554151156402,15.0,1.0,15.999999999999975
132,0.444346162956669,0.34090844212931654,0.2180317400470788,15.0,1.0,15.999999999999975
133,0.43098010094541933,0.3386626240558571,0.2161771581452374,15.0,1.0,15.999999999999975
134,0.41793335670428566,0.3364833546619619,0.21447217291276424,15.0,1.0,15.999999999999975
135,0.40520580093605885,0.33436906661150023,0.21290762616648798,15.0,1.0,15.999999999999975
136,0.3927978163041006,0.33231819455506667,0.21147480974102784,15.0,1.0,15.999999999999975
137,0.380710681448597,0.33032917805837414,0.2101654510741969,15.0,1.0,15.999999999999975
138,0.3689473435784092,0.32840046447403437,0.20897169795495207,15.0,1.0,15.999999999999975
139,0.35751314133424067,0.3265305116885044,0.2078861033759009,15.0,1.0,15.999999999999975
140,0.3464159422104765,0.32471779061062966,0.20690161058917234,15.0,1.0,15.999999999999975
141,0.3356641222652108,0.3229607871927582,0.20601153834598449,15.0,1.0,15.999999999999975
142,0.32526126583291526,0.3212580047643982,0.20520956630016265,15.0,1.0,15.999999999999975
143,0.31520115718662356,0.31960796616415443,0.20448972059888676,15.0,1.0,15.999999999999975
144,0.30546941502085584,0.3170873327530206,0.20384635967477138,15.0,1.0,15.999999999999975
145,0.2960501256228036,0.3141453075968508,0.2032741602567123,15.0,1.0,15.999999999999975
146,0.28693064735320295,0.3112513806912273,0.2027681036192032,15.0,1.0,15.999999999999975
147,0.27810286939559437,0.30840527253418326,0.20232346208822827,15.0,1.0,15.999999999999975
148,0.26956288233552017,0.3056066662061087,0.2019357858297567,15.0,1.0,15.999999999999975
149,0.2613105426111537,0.302855209854245,0.20160088994039901,15.0,1.0,15.999999999999975
150,0.253349357682624,0.3001505191451448,0.20131484185414947,15.0,1.0,15.999999999999975
151,0.24568660423905303,0.2974921796784662,0.20107394908712853,15.0,1.0,15.999999999999975
152,0.23833330067015274,0.2948797493554563,0.20087474733464514,15.0,1.0,15.999999999999975
153,0.23130300815572669,0.2923127606955715,0.2007139889326248,15.0,1.0,15.999999999999975
154,0.22460733868790775,0.28979072309496007,0.2005886317065001,15.0,1.0,15.999999999999975
155,0.21824742455338333,0.2873131250212501,0.20049582819987954,15.0,1.0,15.999999999999975
156,0.21220824015363352,0.28487943614019046,0.200432915256056,15.0,1.0,15.999999999999975
157,0.20646379002287985,0.2824891093673943,0.20039740400034364,15.0,1.0,15.999999999999975
158,0.20098696566984192,0.2801415828485253,0.2003869702220788,15.0,1.0,15.999999999999975
159,0.19575459458329264,0.2778362818738008,0.2003994451526207,15.0,1.0,15.999999999999975
160,0.19074795204095918,0.2755726206711836,0.20043280663657267,15.0,1.0,15.999999999999975
161,0.1859525259923842,0.273350004113137,0.2004851706902486,15.0,1.0,15.999999999999975
162,0.18135905056068888,0.27116782933801314,0.2005547834411363,15.0,1.0,15.999999999999975
163,0.17696617709379076,0.2690254872842279,0.2006400134412299,15.0,1.0,15.999999999999975
164,0.17278194148168396,0.266922364136297,0.20073934434619337,15.0,1.0,15.999999999999975
165,0.16881258153034612,0.26485784268258583,0.20085136795149577,15.0,1.0,15.999999999999975
166,0.1650411977173244,0.2628313035853196,0.20097477757604518,15.0,1.0,15.999999999999975
167,0.16143503576197418,0.26084212656397443,0.20110836178297603,15.0,1.0,15.999999999999975
168,0.157967270042092,0.2588896914936724,0.20125099842685218,15.0,1.0,15.999999999999975
169,0.15462111876668805,0.25697337942064463,0.2014016490162623,15.0,1.0,15.999999999999975
170,0.1513860631845253,0.2550925734971813,0.2015593533804176,15.0,1.0,15.999999999999975
171,0.14825488119428115,0.2532466598938728,0.2017232246274188,15.0,1.0,15.999999999999975
172,0.1452221219529682,0.2514350287082342,0.20189244438201123,15.0,1.0,15.999999999999975
173,0.14228336073814726,0.2496570746130998,0.2020662582948762,15.0,1.0,15.999999999999975
174,0.13943481932607055,0.24791219744708978,0.2022439718094484,15.0,1.0,15.999999999999975
175,0.13667316461632567,0.2461998027562573,0.20242494617401038,15.0,1.0,15.999999999999975
176,0.1339954038947399,0.2445193022854936,0.20260859468813083,15.0,1.0,15.999999999999975
177,0.1313988494805287,0.24287011441976694,0.2027943791722254,15.0,1.0,15.999999999999975
178,0.1288811789990531,0.2412516645762795,0.2029818066492644,15.0,1.0,15.999999999999975
179,0.1264407879232191,0.23966338554927796,0.20317042622794426,15.0,1.0,15.999999999999975
180,0.12407882563914815,0.23810471780970896,0.2033598261769491,15.0,1.0,15.999999999999975
181,0.12181934691715018,0.23657510976216417,0.20354963118026304,15.0,1.0,15.999999999999975
182,0.11974216013168773,0.2350740179617269,0.20373949976384023,15.0,1.0,15.999999999999975
183,0.1177722783063277,0.2336009072933699,0.20392912188429727,15.0,1.0,15.999999999999975
184,0.11586607048958425,0.23215525111659266,0.20411821667065896,15.0,1.0,15.999999999999975
185,0.1140173187831745,0.23073653137972433,0.20430653031052065,15.0,1.0,15.999999999999975
186,0.11222408632115535,0.22934423872609794,0.20449383407196964,15.0,1.0,15.999999999999975
187,0.11048556112996036,0.22797787254678592,0.20467992245432648,15.0,1.0,15.999999999999975
188,0.10880161268404827,0.22663694100148796,0.2048646114599305,15.0,1.0,15.999999999999975
189,0.10717267762864315,0.22532096102024457,0.20504773697962417,15.0,1.0,15.999999999999975
190,0.10559952598476309,0.22402945825052054,0.20522915328517052,15.0,1.0,15.999999999999975
191,0.1040826663352821,0.22276196700137943,0.20540873162186812,15.0,1.0,15.999999999999975
192,0.10262143055309478,0.22151803021447924,0.20558635889525392,15.0,1.0,15.999999999999975
193,0.10121332493081062,0.22029719941551978,0.2057619364468715,15.0,1.0,15.999999999999975
194,0.09985430554856409,0.21909903464920058,0.20593537891327415,15.0,1.0,15.999999999999975
195,0.09853976940968295,0.21792310440022197,0.20610661316282622,15.0,1.0,15.999999999999975
196,0.09726544849623443,0.21676898550245086,0.2062755773056182,15.0,1.0,15.999999999999975
197,0.0960277971083732,0.2156362630380471,0.2064422197712846,15.0,1.0,15.999999999999975
198,0.0948239965492632,0.21452453022810342,0.20660649845150209,15.0,1.0,15.999999999999975
199,0.09365181282750366,0.21343338831518133,0.20676837990279626,15.0,1.0,15.999999999999975
200,0.09250944169424546,0.21236244643797034,0.2069278386054935,15.0,1.0,15.999999999999975
201,0.0913953850472552,0.2113113215056604,0.2070848562750167,15.0,1.0,15.999999999999975
202,0.09030836265894909,0.2102796380681161,0.2072394212222509,15.0,1.0,15.999999999999975
203,0.08924725174401607,0.20926702818241702,0.2073915277597885,15.0,1.0,15.999999999999975
204,0.0882110460594637,0.20827313127667665,0.20754117565104332,15.0,1.0,15.999999999999975
205,0.08719882811280617,0.2072975940119168,0.2076883695994096,15.0,1.0,15.999999999999975
206,0.0862097500433574,0.20634007014268374,0.2078331187748132,15.0,1.0,15.999999999999975
207,0.0852430202447462,0.20540022037699363,0.20797543637517016,15.0,1.0,15.999999999999975
208,0.0842978939651097,0.2044777122361105,0.20811533921995465,15.0,1.0,15.999999999999975
209,0.08337366629007889,0.2035722199146138,0.20825284737432395,15.0,1.0,15.999999999999975
210,0.08246966679285014,0.20268342414114252,0.20838798380207962,15.0,1.0,15.999999999999975
211,0.08158525558512071,0.201811012040151,0.208520774045002,15.0,1.0,15.999999999999975
212,0.08071982022548664,0.20095467699497904,0.20865124592677892,15.0,1.0,15.999999999999975
213,0.07987277324045139,0.20011411851248637,0.20877942927986043,15.0,1.0,15.999999999999975
214,0.07904355008968764,0.1992890420894776,0.20890535569367402,15.0,1.0,15.999999999999975
215,0.07823160745849275,0.19847915908110342,0.2090290582827358,15.0,1.0,15.999999999999975
216,0.0774364217952528,0.19768418657138925,0.20915057147328675,15.0,1.0,15.999999999999975
217,0.07665748803583823,0.19690384724604373,0.2092699308071529,15.0,1.0,15.999999999999975
218,0.07589431842896267,0.19613786926763208,0.20938717276148114,15.0,1.0,15.999999999999975
219,0.07514644146538123,0.19538598615322406,0.20950233458323173,15.0,1.0,15.999999999999975
220,0.07441340106210605,0.19464793665456742,0.20961545413782273,15.0,1.0,15.999999999999975
221,0.0736947557319722,0.19392346464085136,0.20972656977070886,15.0,1.0,15.999999999999975
222,0.07299007781885936,0.19321231898408794,0.20983572018095628,15.0,1.0,15.999999999999975
223,0.07229895279557266,0.19251425344713752,0.2099429443059505,15.0,1.0,15.999999999999975
224,0.07162097861126118,0.1918290265743889,0.21004828121640914,15.0,1.0,15.999999999999975
225,0.07095576482293332,0.1911564015850911,0.21015177002026744,15.0,1.0,15.999999999999975
226,0.07030293225302038,0.19049614626932648,0.2102534497759028,15.0,1.0,15.999999999999975
227,0.0696621126697111,0.18984803288660473,0.2103533594139985,15.0,1.0,15.999999999999975
228,0.06903294834543802,0.18921183806705444,0.21045153766701147,15.0,1.0,15.999999999999975
229,0.06841509166753129,0.18858734271518485,0.2105480230056814,15.0,1.0,15.999999999999975
230,0.06780820479761698,0.1879743319161834,0.210642853581965,15.0,1.0,15.999999999999975
231,0.0672119593769678,0.1873725948446931,0.21073606717785603,15.0,1.0,15.999999999999975
232,0.06662603627881956,0.1867819246760351,0.21082770116007257,15.0,1.0,15.999999999999975
233,0.06605012539704416,0.1862021184998238,0.21091779243987946,15.0,1.0,15.999999999999975
234,0.06548392546872141,0.18563297723592057,0.2110063774376382,15.0,1.0,15.999999999999975
235,0.06492714392573094,0.18507430555267543,0.2110934920517165,15.0,1.0,15.999999999999975
236,0.06437949676998428,0.1845259117873996,0.21117917163141944,15.0,1.0,15.999999999999975
237,0.06384070846676275,0.18398760786900603,0.2112634509536227,15.0,1.0,15.999999999999975
238,0.06331051185067257,0.1834592092427703,0.21134636420281147,15.0,1.0,15.999999999999975
239,0.06278864803895967,0.1829405347971381,0.2114279449542483,15.0,1.0,15.999999999999975
240,0.06227486634733815,0.1824314067925351,0.21150822616001339,15.0,1.0,15.999999999999975
241,0.06176892420403694,0.18193165079210408,0.21158724013767607,15.0,1.0,15.999999999999975
242,0.061270587058425946,0.18144109559431792,0.21166501856137623,15.0,1.0,15.999999999999975
243,0.06077962828130812,0.18095957316741434,0.2117415924551067,15.0,1.0,15.999999999999975
244,0.06029582905471086,0.18048691858558585,0.21181699218800537,15.0,1.0,15.999999999999975
245,0.05981897824974254,0.1800229699668638,0.211891247471477,15.0,1.0,15.999999999999975
246,0.05934887229177028,0.1795675684126572,0.2119643873579795,15.0,1.0,15.999999999999975
247,0.05888531501326116,0.17912055794928053,0.2120364402413032,15.0,1.0,15.999999999999975
248,0.05842811749495116,0.17868178547207084,0.2121074338581727,15.0,1.0,15.999999999999975
249,0.05797709789219057,0.17825110068918765,0.21217739529115714,15.0,1.0,15.999999999999975
250,0.05753208125291226,0.17782835606679756,0.21224635097269431,15.0,1.0,15.999999999999975
251,0.05709289932676955,0.17741340677575548,0.21231432669010822,15.0,1.0,15.999999999999975
252,0.05665939036678081,0.1770061106396873,0.21238134759151725,15.0,1.0,15.999999999999975
253,0.056231398925123736,0.17660632808442064,0.2124474381925358,15.0,1.0,15.999999999999975
254,0.05580877564472026,0.17621392208868433,0.21251262238367946,15.0,1.0,15.999999999999975
255,0.05539137704820075,0.17582875813602306,0.21257692343839305,15.0,1.0,15.999999999999975
256,0.05497906532574505,0.17545070416788983,0.2126403640216234,15.0,1.0,15.999999999999975
257,0.054571708125826575,0.17507963053785305,0.2127029661988579,15.0,1.0,15.999999999999975
258,0.05416917848362411,0.17471540996689203,0.21276475144505688,15.0,1.0,15.999999999999975
259,0.053771354516515976,0.1743579174997082,0.2128257406543184,15.0,1.0,15.999999999999975
260,0.05337811912762759,0.17400703046204866,0.21288595415018732,15.0,1.0,15.999999999999975
261,0.05298935981991382,0.17366262841897367,0.21294541169615266,15.0,1.0,15.999999999999975
262,0.05260496851078228,0.17332459313406912,0.21300413250630226,15.0,1.0,15.999999999999975
263,0.05222484134917188,0.1729928085295438,0.2130621352561065,15.0,1.0,15.999999999999975
264,0.05184887858911852,0.17266716064745694,0.21311943809316958,15.0,1.0,15.999999999999975
265,0.05147698452799808,0.17234753761243823,0.21317605864777106,15.0,1.0,15.999999999999975
266,0.051109067116296036,0.1720338295943225,0.21323201404399253,15.0,1.0,15.999999999999975
267,0.05074503779609961,0.17172592877148737,0.21328732091085909,15.0,1.0,15.999999999999975
268,0.050384811360867046,0.17142372929493926,0.21334199539343085,15.0,1.0,15.999999999999975
269,0.05002830582484248,0.17112712725314275,0.21339605316386698,15.0,1.0,15.999999999999975
270,0.049675442318642224,0.17083602063754835,0.21344950943254273,15.0,1.0,15.999999999999975
271,0.04932614489964357,0.1705503093088133,0.21350237895886295,15.0,1.0,15.999999999999975
272,0.04898034042177879,0.17026989496368045,0.21355467606196837,15.0,1.0,15.999999999999975
273,0.04863795841787779,0.16999468110249633,0.21360641463135502,15.0,1.0,15.999999999999975
274,0.0482989309851391,0.16972457299735214,0.21365760813738585,15.0,1.0,15.999999999999975
275,0.047963192674406255,0.16945947766082267,0.21370826964168124,15.0,1.0,15.999999999999975
276,0.047630680383645,0.1691993038152905,0.21375841180737504,15.0,1.0,15.999999999999975
277,0.04730133325582486,0.16894396186283286,0.21380804690922478,15.0,1.0,15.999999999999975
278,0.04697509258127828,0.16869336385565725,0.21385718684356786,15.0,1.0,15.999999999999975
279,0.04665190170452437,0.168447423467073,0.2139058431381152,15.0,1.0,15.999999999999975
280,0.046331705935485364,0.16820605596298097,0.21395402696157556,15.0,1.0,15.999999999999975
281,0.04601445246498709,0.1679691781738676,0.21400174913310674,15.0,1.0,15.999999999999975
282,0.045700090284411764,0.16773670846729535,0.21404902013158755,15.0,1.0,15.999999999999975
283,0.04538857010935833,0.167508566720865,0.21409585010470875,15.0,1.0,15.999999999999975
284,0.045079844307160395,0.1672846742956508,0.21414224887787928,15.0,1.0,15.999999999999975
285,0.04477386682810766,0.16706495401008928,0.21418822596294643,15.0,1.0,15.999999999999975
286,0.04447059314022092,0.16684933011431705,0.21423379056672853,15.0,1.0,15.999999999999975
287,0.04416998016743312,0.16663772826493584,0.21427895159935992,15.0,1.0,15.999999999999975
288,0.04387198623103473,0.1664300755002113,0.21432371768244776,15.0,1.0,15.999999999999975
289,0.04357657099424845,0.16622630021567997,0.2143680971570415,15.0,1.0,15.999999999999975
290,0.043283695409802855,0.1660263321401645,0.21441209809141556,15.0,1.0,15.999999999999975
291,0.042993321670385935,0.16583010231219192,0.21445572828866605,15.0,1.0,15.999999999999975
292,0.04270541316186252,0.1656375430567913,0.21449899529412442,15.0,1.0,15.999999999999975
293,0.04241993441915056,0.1654485879626833,0.21454190640258863,15.0,1.0,15.999999999999975
294,0.042136851084656826,0.16526317185983405,0.2145844686653747,15.0,1.0,15.999999999999975
295,0.04185612986918056,0.16508123079738588,0.21462668889719094,15.0,1.0,15.999999999999975
296,0.04157773851520238,0.1649027020219386,0.21466857368283768,15.0,1.0,15.999999999999975
297,0.04130164576248027,0.16472752395619555,0.21471012938373446,15.0,1.0,15.999999999999975
298,0.041027821315884984,0.16455563617793956,0.21475136214427964,15.0,1.0,15.999999999999975
299,0.04075623581541177,0.16438697939936925,0.21479227789804262,15.0,1.0,15.999999999999975
300,0.04048686080831374,0.16422149544675346,0.21483288237379555,15.0,1.0,15.999999999999975
301,0.040219668723307456,0.164059127240426,0.214873181101384,15.0,1.0,15.999999999999975
302,0.03995463284681002,0.16389981877509624,0.21491317941744387,15.0,1.0,15.999999999999975
303,0.039691727301169655,0.16374351510048463,0.21495288247096445,15.0,1.0,15.999999999999975
304,0.03943092702486151,0.1635901623022685,0.21499229522870436,15.0,1.0,15.999999999999975
305,0.03917220775462217,0.1634397074833328,0.21503142248046145,15.0,1.0,15.999999999999975
306,0.03891554600950245,0.16329209874533096,0.21507026884420227,15.0,1.0,15.999999999999975
307,0.03866091907978238,0.1631472851705409,0.2151088387710482,15.0,1.0,15.999999999999975
308,0.03840830559340763,0.16300521680401078,0.215147136549258,15.0,1.0,15.999999999999975
309,0.03815768518057377,0.16286584463599613,0.21518516630855924,15.0,1.0,15.999999999999975
310,0.0379090379488707,0.16272912058465583,0.215222932025141,15.0,1.0,15.999999999999975
311,0.037662344557718094,0.16259499747903483,0.21526043752641108,15.0,1.0,15.999999999999975
312,0.03741758626891646,0.16246342904232736,0.2152976864955554,15.0,1.0,15.999999999999975
313,0.03717474498144045,0.1623343698754087,0.2153346824759227,15.0,1.0,15.999999999999975
314,0.03693380325599439,0.16220777544065323,0.2153714288752564,15.0,1.0,15.999999999999975
315,0.03669474433305706,0.1620836020460016,0.21540792896978686,15.0,1.0,15.999999999999975
316,0.036457552146905874,0.16196180682931752,0.21544418590819653,15.0,1.0,15.999999999999975
317,0.03622221133724508,0.16184234774298997,0.21548020271546703,15.0,1.0,15.999999999999975
318,0.03598870725945073,0.1617251835387974,0.21551598229661598,15.0,1.0,15.999999999999975
319,0.03575702599399124,0.16161027375302306,0.21555152744032904,15.0,1.0,15.999999999999975
320,0.03552715435524037,0.16149757869182307,0.21558684082249358,15.0,1.0,15.999999999999975
321,0.035299079899615365,0.16138705941683812,0.21562192500963728,15.0,1.0,15.999999999999975
322,0.03507279093272569,0.16127867773104484,0.21565678246227687,15.0,1.0,15.999999999999975
323,0.034848276514982846,0.16117239616484957,0.2156914155381798,15.0,1.0,15.999999999999975
324,0.0346255264648868,0.16106817796241127,0.21572582649554256,15.0,1.0,15.999999999999975
325,0.034404531358959815,0.16096598706820323,0.21576001749608917,15.0,1.0,15.999999999999975
326,0.03418528252703937,0.1608657881137926,0.21579399060809196,15.0,1.0,15.999999999999975
327,0.03396777204137291,0.16076754640485594,0.2158277478093174,15.0,1.0,15.999999999999975
328,0.033751992697679166,0.16067122790840987,0.21586129098990062,15.0,1.0,15.999999999999975
329,0.03353793798607915,0.16057679924025897,0.2158946219551499,15.0,1.0,15.999999999999975
330,0.03332560204956235,0.16048422765266693,0.21592774242828436,15.0,1.0,15.999999999999975
331,0.03311497962749191,0.1603934810222292,0.2159606540531064,15.0,1.0,15.999999999999975
332,0.03290606598159669,0.16030452783796248,0.2159933583966118,15.0,1.0,15.999999999999975
333,0.03269885680200982,0.16021733718960215,0.21602585695153884,15.0,1.0,15.999999999999975
334,0.03249334809125659,0.16013187875609478,0.216058151138859,15.0,1.0,15.999999999999975
335,0.032289536024727575,0.16004812279430214,0.21609024231021096,15.0,1.0,15.999999999999975
336,0.032087416787158894,0.1599660401278908,0.21612213175027958,15.0,1.0,15.999999999999975
337,0.03188698638600962,0.15988560213643127,0.21615382067912223,15.0,1.0,15.999999999999975
338,0.03168824044436587,0.15980678074467444,0.2161853102544428,15.0,1.0,15.999999999999975
339,0.03149117397805133,0.15972954841202935,0.2162166015738172,15.0,1.0,15.999999999999975
340,0.031295781163838146,0.1596538781222145,0.21624769567686924,15.0,1.0,15.999999999999975
341,0.031102055107804335,0.15957974337311404,0.21627859354740064,15.0,1.0,15.999999999999975
342,0.030909987624691042,0.15950711816678959,0.21630929611547559,15.0,1.0,15.999999999999975
343,0.030719569040242086,0.15943597699968942,0.21633980425946073,15.0,1.0,15.999999999999975
344,0.030530788028656348,0.15936629485302975,0.216370118808023,15.0,1.0,15.999999999999975
345,0.03034363149623702,0.15929804718333895,0.2164002405420858,15.0,1.0,15.999999999999975
346,0.03015808452001402,0.15923120991318693,0.21643017019674454,15.0,1.0,15.999999999999975
347,0.02997413034669173,0.15916575942207284,0.21645990846314322,15.0,1.0,15.999999999999975
348,0.02979175045307061,0.15910167253748425,0.2164894559903125,15.0,1.0,15.999999999999975
349,0.0296109246646149,0.1590389265261136,0.21651881338697085,15.0,1.0,15.999999999999975
350,0.029431631324646844,0.15897749908523853,0.21654798122328922,15.0,1.0,15.999999999999975
351,0.02925384750327944,0.15891736833426218,0.21657696003262022,15.0,1.0,15.999999999999975
352,0.02907754923303038,0.15885851280640673,0.21660575031319282,15.0,1.0,15.999999999999975
353,0.028902711757267864,0.15880091144055608,0.21663435252977348,15.0,1.0,15.999999999999975
354,0.028729309780809564,0.15874454357325668,0.21666276711530022,15.0,1.0,15.999999999999975
355,0.028557317719158627,0.15868938893086382,0.21669099447251827,15.0,1.0,15.999999999999975
356,0.028386709893306748,0.1586354276218327,0.21671903497553402,15.0,1.0,15.999999999999975
357,0.028217460714411245,0.1585826401291532,0.21674688897133296,15.0,1.0,15.999999999999975
358,0.02804954484080717,0.15853100730293135,0.21677455678127117,15.0,1.0,15.999999999999975
359,0.02788293730188772,0.1584805103531019,0.21680203870254067,15.0,1.0,15.999999999999975
360,0.02771761359003567,0.15843113084228388,0.21682933500960763,15.0,1.0,15.999999999999975
361,0.027553549723328023,0.15838285067877056,0.2168564459556225,15.0,1.0,15.999999999999975
362,0.027390722282764894,0.15833565210964443,0.21688337177380326,15.0,1.0,15.999999999999975
363,0.027229108428335355,0.15828951771403163,0.2169101126787914,15.0,1.0,15.999999999999975
364,0.02706868589840751,0.15824443039648398,0.21693666886797996,15.0,1.0,15.999999999999975
365,0.02690943299679733,0.15820037338047682,0.21696304052281568,15.0,1.0,15.999999999999975
366,0.02675132857152379,0.15815733020204126,0.21698922781007304,15.0,1.0,15.999999999999975
367,0.026594351988771234,0.15811528470351452,0.21701523088310276,15.0,1.0,15.999999999999975
368,0.02643848310501396,0.15807422102740767,0.21704104988305317,15.0,1.0,15.999999999999975
369,0.026283702239671275,0.15803412361039662,0.21706668494006587,15.0,1.0,15.999999999999975
370,0.02612999015007707,0.1579949771774268,0.2170921361744451,15.0,1.0,15.999999999999975
371,0.025977328010009463,0.15795676673592296,0.21711740369780158,15.0,1.0,15.999999999999975
372,0.025825697392537265,0.15791947757012828,0.21714248761417065,15.0,1.0,15.999999999999975
373,0.02567508025752634,0.15788309523553443,0.21716738802110497,15.0,1.0,15.999999999999975
374,0.02552545895254965,0.15784760555266494,0.2171921050107974,15.0,1.0,15.999999999999975
375,0.025376816204864178,0.1578129946013393,0.2172166386711508,15.0,1.0,15.999999999999975
376,0.02522913511221632,0.15777924871588486,0.21724098908676268,15.0,1.0,15.999999999999975
377,0.025082399148114352,0.1577463544802938,0.21726515633989532,15.0,1.0,15.999999999999975
378,0.02493659216909499,0.15771429872339832,0.21728914051142809,15.0,1.0,15.999999999999975
379,0.024791698423412604,0.15768306851405728,0.217312941681791,15.0,1.0,15.999999999999975
380,0.024647702560552247,0.1576526511564036,0.2173365599318765,15.0,1.0,15.999999999999975
381,0.024504589640978368,0.157623034185154,0.21735999534392947,15.0,1.0,15.999999999999975
382,0.024362345145584607,0.15759420536099164,0.21738324800241457,15.0,1.0,15.999999999999975
383,0.024220954984384396,0.15756615266602428,0.21740631799486068,15.0,1.0,15.999999999999975
384,0.024080405504068415,0.157538864299329,0.21742920541268165,15.0,1.0,15.999999999999975
385,0.02394068349414864,0.15751232867256626,0.21745191035197403,15.0,1.0,15.999999999999975
386,0.023801776191500278,0.15748653440569338,0.2174744329142906,15.0,1.0,15.999999999999975
387,0.023663671283198365,0.1574614703227478,0.2174967732073905,15.0,1.0,15.999999999999975
388,0.02352635690762464,0.15743712544771718,0.21751893134596573,15.0,1.0,15.999999999999975
389,0.023389821653887234,0.1574134890004935,0.217540907452344,15.0,1.0,15.999999999999975
390,0.023254054559651988,0.15739055039290267,0.21756270165716762,15.0,1.0,15.999999999999975
391,0.023119045107530604,0.15736829922481968,0.21758431410004941,15.0,1.0,15.999999999999975
392,0.02298478322020734,0.15734672528034727,0.2176057449302044,15.0,1.0,15.999999999999975
393,0.022851259254512684,0.1573258185240946,0.2176269943070586,15.0,1.0,15.999999999999975
394,0.022718463994676096,0.15730556909750756,0.2176480624008342,15.0,1.0,15.999999999999975
395,0.02258638864500233,0.1572859673152907,0.21766894939311143,15.0,1.0,15.999999999999975
396,0.022455024822234278,0.15726700366188714,0.21768965547736724,15.0,1.0,15.999999999999975
397,0.022324364547875758,0.157248668788042,0.21771018085949112,15.0,1.0,15.999999999999975
398,0.022194400240764224,0.15723095350742997,0.2177305257582773,15.0,1.0,15.999999999999975
399,0.02206512471020411,0.15721384879334918,0.21775069040589495,15.0,1.0,15.999999999999975
400,0.021936531149998675,0.15719734577548813,0.21777067504833467,15.0,1.0,15.999999999999975
401,0.021808613133759945,0.15718143573675716,0.21779047994583325,15.0,1.0,15.999999999999975
402,0.021681364611931216,0.15716611011017892,0.2178101053732747,15.0,1.0,15.999999999999975
403,0.021554779911037176,0.15715136047585163,0.21782955162057044,15.0,1.0,15.999999999999975
404,0.021428853735783706,0.1571371785579671,0.21784881899301584,15.0,1.0,15.999999999999975
405,0.02130358117478547,0.1571235562218923,0.21786790781162577,15.0,1.0,15.999999999999975
406,0.021178957710904577,0.15711048547131454,0.2178868184134472,15.0,1.0,15.999999999999975
407,0.02105497923747821,0.1570979584454391,0.21790555115185087,15.0,1.0,15.999999999999975
408,0.020931642082113462,0.15708596741625236,0.21792410639680115,15.0,1.0,15.999999999999975
409,0.020808943040291294,0.15707450478582927,0.2179424845351045,15.0,1.0,15.999999999999975
410,0.02068687942181599,0.15706356308371264,0.21796068597063675,15.0,1.0,15.999999999999975
411,0.020565449114268757,0.15705313496433437,0.21797871112454906,15.0,1.0,15.999999999999975
412,0.020444650669240665,0.1570432132044924,0.2179965604354541,15.0,1.0,15.999999999999975
413,0.020324483419455253,0.15703379070088183,0.21801423435959066,15.0,1.0,15.999999999999975
414,0.020204947638317712,0.15702486046768138,0.2180317333709687,15.0,1.0,15.999999999999975
415,0.020086044758718058,0.15701641563418048,0.21804905796147434,15.0,1.0,15.999999999999975
416,0.019967777677894122,0.1570084494424628,0.21806620864068774,15.0,1.0,15.999999999999975
417,0.019850151175317174,0.15700095524513857,0.2180831859359599,15.0,1.0,15.999999999999975
418,0.01973317250458139,0.15699392650311156,0.2180999903925744,15.0,1.0,15.999999999999975
419,0.019616852237686937,0.15698735678340392,0.21811662257386344,15.0,1.0,15.999999999999975
420,0.01950120547922942,0.1569812397570264,0.2181330830612855,15.0,1.0,15.999999999999975
421,0.019386253627358803,0.156975569196883,0.21814937245447116,15.0,1.0,15.999999999999975
422,0.01927202693609914,0.1569703389757317,0.21816549137123978,15.0,1.0,15.999999999999975
423,0.019158568218087937,0.1569655430641805,0.21818144044759225,15.0,1.0,15.999999999999975
424,0.019045938051523232,0.15696117552873093,0.21819722033768035,15.0,1.0,15.999999999999975
425,0.018934221602201144,0.15695723052986008,0.21821283171375525,15.0,1.0,15.999999999999975
426,0.018823536072859928,0.1569537023201444,0.2182282752660975,15.0,1.0,15.999999999999975
427,0.018714034770233277,0.15695058524242872,0.21824355170292722,15.0,1.0,15.999999999999975
428,0.018605898180068026,0.15694787372801997,0.21825866175029868,15.0,1.0,15.999999999999975
429,0.01849929861912799,0.15694556229493742,0.21827360615197702,15.0,1.0,15.999999999999975
430,0.018394337793489673,0.15694364554618356,0.2182883856692996,15.0,1.0,15.999999999999975
431,0.01829099236641732,0.15694211816806253,0.21830300108102202,15.0,1.0,15.999999999999975
432,0.01818911682213916,0.15694097492853173,0.2183174531831499,15.0,1.0,15.999999999999975
433,0.01808850239928108,0.156940210675588,0.2183317427887551,15.0,1.0,15.999999999999975
434,0.017988941170916005,0.15693982033568457,0.2183458707277797,15.0,1.0,15.999999999999975
435,0.01789026043619346,0.15693979891218637,0.21835983784682575,15.0,1.0,15.999999999999975
436,0.01779232957307805,0.15694014148385957,0.2183736450089326,15.0,1.0,15.999999999999975
437,0.017695053979089666,0.1569408432033848,0.21838729309334165,15.0,1.0,15.999999999999975
438,0.01759836614656053,0.1569418992959138,0.21840078299524956,15.0,1.0,15.999999999999975
439,0.01750221786889825,0.15694330505765017,0.21841411562554944,15.0,1.0,15.999999999999975
440,0.01740657442503874,0.15694505585445717,0.21842729191056137,15.0,1.0,15.999999999999975
441,0.017311410500875535,0.15694714712050287,0.21844031279175263,15.0,1.0,15.999999999999975
442,0.017216707393339834,0.156949574356932,0.2184531792254469,15.0,1.0,15.999999999999975
443,0.01712245110146859,0.1569523331305622,0.2184658921825246,15.0,1.0,15.999999999999975
444,0.017028631015935734,0.15695541907261276,0.21847845264811414,15.0,1.0,15.999999999999975
445,0.016935239010137465,0.15695882787745927,0.21849086162127335,15.0,1.0,15.999999999999975
446,0.016842268801807822,0.15696255530141423,0.21850312011466339,15.0,1.0,15.999999999999975
447,0.01674971549854597,0.15696659716153571,0.21851522915421473,15.0,1.0,15.999999999999975
448,0.016657575270690134,0.1569709493344598,0.21852718977875207,15.0,1.0,15.999999999999975
449,0.01656584511739671,0.1569756077552577,0.21853900303934726,15.0,1.0,15.999999999999975
450,0.016474522679761672,0.15698056841631983,0.21855066999898637,15.0,1.0,15.999999999999975
451,0.016383606107639663,0.15698582736625755,0.21856219173230151,15.0,1.0,15.999999999999975
452,0.01629309396030215,0.15699138070883148,0.2185735693252712,15.0,1.0,15.999999999999975
453,0.0162029851296962,0.15699722460190468,0.21858480387489665,15.0,1.0,15.999999999999975
454,0.01611327878066039,0.15700335525641237,0.21859589648886044,15.0,1.0,15.999999999999975
455,0.01602397430397805,0.1570097689353646,0.21860684828516935,15.0,1.0,15.999999999999975
456,0.0159350712792402,0.15701646195286212,0.2186176603917877,15.0,1.0,15.999999999999975
457,0.015846569445267134,0.15702343067313893,0.21862833394626086,15.0,1.0,15.999999999999975
458,0.015758468676407778,0.15703067150962138,0.21863887009533264,15.0,1.0,15.999999999999975
459,0.015670768963444565,0.15703818092401425,0.21864926999455703,15.0,1.0,15.999999999999975
460,0.015583470398141171,0.1570459554254018,0.21865953480790548,15.0,1.0,15.999999999999975
461,0.015496573160692638,0.15705399156937008,0.21866966570737154,15.0,1.0,15.999999999999975
462,0.015410077509507012,0.15706228595714938,0.21867966387257262,15.0,1.0,15.999999999999975
463,0.015323983772877739,0.15707083523477247,0.21868953049035017,15.0,1.0,15.999999999999975
464,0.015238292342198555,0.1570796360922603,0.21869926675436824,15.0,1.0,15.999999999999975
465,0.01515300366644889,0.15708868526280834,0.21870887386471255,15.0,1.0,15.999999999999975
466,0.01506811832410812,0.15709797952201027,0.21871835302739584,15.0,1.0,15.999999999999975
467,0.014983637118868522,0.15710751568708106,0.21872770545373943,15.0,1.0,15.999999999999975
468,0.014899560829554752,0.15711729061610774,0.21873693236004824,15.0,1.0,15.999999999999975
469,0.01481589021984391,0.15712730120730842,0.21874603496728096,15.0,1.0,15.999999999999975
470,0.014732626055247874,0.15713754439831082,0.21875501450070184,15.0,1.0,15.999999999999975
471,0.01464976911452965,0.15714801716544471,0.2187638721895205,15.0,1.0,15.999999999999975
472,0.014567320197420923,0.15715871652304728,0.21877260926652387,15.0,1.0,15.999999999999975
473,0.014485280129895632,0.15716963952279234,0.21878122696770266,15.0,1.0,15.999999999999975
474,0.014403649767839125,0.1571807832530308,0.21878972653187598,15.0,1.0,15.999999999999975
475,0.014322429999671218,0.15719214483814312,0.21879810920031417,15.0,1.0,15.999999999999975
476,0.014241621748286764,0.15720372143790817,0.21880637621636295,15.0,1.0,15.999999999999975
477,0.014161225972547056,0.1572155102468887,0.21881452882506808,15.0,1.0,15.999999999999975
478,0.014081243668467514,0.15722750849382788,0.21882256827280328,15.0,1.0,15.999999999999975
479,0.014001675870178136,0.15723971344105847,0.2188304958069012,15.0,1.0,15.999999999999975
480,0.013922523650695262,0.15725212238392824,0.21883831267528706,15.0,1.0,15.999999999999975
481,0.013843788122545254,0.15726473265025087,0.21884602012611828,15.0,1.0,15.999999999999975
482,0.013765470438210232,0.15727754159978813,0.21885361940742973,15.0,1.0,15.999999999999975
483,0.013687571790134988,0.15729054662369776,0.21886111176677978,15.0,1.0,15.999999999999975
484,0.013610093410541346,0.1573037451439959,0.2188684984509017,15.0,1.0,15.999999999999975
485,0.013533036570872159,0.15731713461303007,0.21887578070536015,15.0,1.0,15.999999999999975
486,0.013456402580768946,0.15733071251296912,0.21888295977421385,15.0,1.0,15.999999999999975
487,0.01338019278648573,0.15734447635531174,0.2188900368996836,15.0,1.0,15.999999999999975
488,0.01330440856863121,0.157358423680392,0.21889701332182626,15.0,1.0,15.999999999999975
489,0.013229051339116265,0.15736004108860538,0.2189038902782154,15.0,1.0,15.999999999999975
490,0.013154122537180221,0.1573325629913818,0.21891066900362727,15.0,1.0,15.999999999999975
491,0.013079623624359816,0.15730546320677893,0.2189173507297332,15.0,1.0,15.999999999999975
492,0.013005556078260348,0.15727873251551497,0.2189239366847991,15.0,1.0,15.999999999999975
493,0.012931921384989699,0.15725236188365052,0.21893042809339072,15.0,1.0,15.999999999999975
494,0.012858721030121194,0.15722634245939002,0.21893682617608576,15.0,1.0,15.999999999999975
495,0.012785956488061974,0.15720066556992685,0.21894313214919253,15.0,1.0,15.999999999999975
496,0.012713629209725375,0.15717532271833068,0.21894934722447595,15.0,1.0,15.999999999999975
497,0.012641740608432884,0.1571503055804792,0.21895547260888898,15.0,1.0,15.999999999999975
498,0.012570292044013394,0.15712560600204176,0.2189615095043129,15.0,1.0,15.999999999999975
499,0.012499284805117652,0.15710121599549415,0.2189674591073026,15.0,1.0,15.999999999999975
500,0.012428720089829417,0.15707712773718763,0.21897332260884017,15.0,1.0,15.999999999999975
501,0.012358598984728873,0.15705333356444726,0.2189791011940949,15.0,1.0,15.999999999999975
502,0.012288922442649695,0.15702982597273094,0.2189847960421902,15.0,1.0,15.999999999999975
503,0.012219691259460557,0.15700659761281405,0.21899040832597821,15.0,1.0,15.999999999999975
504,0.012150906050296176,0.15698364128802325,0.21899593921182056,15.0,1.0,15.999999999999975
505,0.012082567225756343,0.15696094995151244,0.21900138985937717,15.0,1.0,15.999999999999975
506,0.012014674968671424,0.15693851670357745,0.219006761421401,15.0,1.0,15.999999999999975
507,0.011947229212100789,0.15691633478900885,0.21901205504354124,15.0,1.0,15.999999999999975
508,0.011880229619271479,0.15689439759449134,0.2190172718641519,15.0,1.0,15.999999999999975
509,0.011813675566176159,0.15687269864603726,0.21902241301410902,15.0,1.0,15.999999999999975
510,0.011747566127522532,0.15685123160645903,0.21902747961663346,15.0,1.0,15.999999999999975
511,0.011681900066664488,0.15682999027288663,0.21903247278712148,15.0,1.0,15.999999999999975
512,0.011616675830036415,0.15680896857431656,0.21903739363298208,15.0,1.0,15.999999999999975
513,0.011551891546473243,0.15678816056920492,0.219042243253481,15.0,1.0,15.999999999999975
514,0.01148754503162679,0.15676756044309226,0.21904702273959156,15.0,1.0,15.999999999999975
515,0.01142363379749895,0.15674716250626838,0.2190517331738521,15.0,1.0,15.999999999999975
516,0.01136015506691502,0.15672696119147428,0.2190563756302307,15.0,1.0,15.999999999999975
517,0.011297105792568008,0.15670695105164537,0.21906095117399568,15.0,1.0,15.999999999999975
518,0.011234482680095434,0.15668712675767946,0.21906546086159306,15.0,1.0,15.999999999999975
519,0.011172282214507476,0.15666748309625023,0.21906990574053087,15.0,1.0,15.999999999999975
520,0.011110500689184611,0.1566480149676471,0.21907428684926852,15.0,1.0,15.999999999999975
521,0.011049134236607952,0.1566287173836607,0.21907860521711425,15.0,1.0,15.999999999999975
522,0.010988178859968552,0.1566095854654929,0.21908286186412715,15.0,1.0,15.999999999999975
523,0.01092763046483758,0.15659061444170522,0.2190870578010268,15.0,1.0,15.999999999999975
524,0.010867484890141842,0.15657179964620133,0.21909119402910726,15.0,1.0,15.999999999999975
525,0.010807737937785142,0.15655313651624278,0.21909527154015845,15.0,1.0,15.999999999999975
526,0.010748385400369253,0.15653462059049034,0.21909929131639255,15.0,1.0,15.999999999999975
527,0.010689423086592171,0.156516247507086,0.21910325433037675,15.0,1.0,15.999999999999975
528,0.010630846844025483,0.15649801300176602,0.21910716154497048,15.0,1.0,15.999999999999975
529,0.010572652579092845,0.1564799129059993,0.21911101391326962,15.0,1.0,15.999999999999975
530,0.010514836274178326,0.15646194314516212,0.21911481237855515,15.0,1.0,15.999999999999975
531,0.010457394001886494,0.15644409973674303,0.2191185578742471,15.0,1.0,15.999999999999975
532,0.010400321936554614,0.15642637878857227,0.2191222513238643,15.0,1.0,15.999999999999975
533,0.010343616363172667,0.15640877649709192,0.21912589364098878,15.0,1.0,15.999999999999975
534,0.010287273683913484,0.15639128914564474,0.21912948572923488,15.0,1.0,15.999999999999975
535,0.010231290422499442,0.15637391310279117,0.21913302848222432,15.0,1.0,15.999999999999975
536,0.01017566322664825,0.1563566448206715,0.2191365227835642,15.0,1.0,15.999999999999975
537,0.010120388868845042,0.15633948083337032,0.2191399695068315,15.0,1.0,15.999999999999975
538,0.010065464245679522,0.15632241775533376,0.21914336951556104,15.0,1.0,15.999999999999975
539,0.01001088637597997,0.15630545227979828,0.2191467236632377,15.0,1.0,15.999999999999975
540,0.009956652397955843,0.15628858117725067,0.21915003279329368,15.0,1.0,15.999999999999975
541,0.009902759565546301,0.15627180129391569,0.21915329773910938,15.0,1.0,15.999999999999975
542,0.009849205244147686,0.15625510955026642,0.21915651932401845,15.0,1.0,15.999999999999975
543,0.009795986905875433,0.15623850293957062,0.21915969836131685,15.0,1.0,15.999999999999975
544,0.00974310212449499,0.1562219785264441,0.2191628356542756,15.0,1.0,15.999999999999975
545,0.009690548570136539,0.15620553344545193,0.2191659319961574,15.0,1.0,15.999999999999975
546,0.009638324003890926,0.1561891648997134,0.21916898817023656,15.0,1.0,15.999999999999975
547,0.009586426272368144,0.15617287015954195,0.21917200494982284,15.0,1.0,15.999999999999975
548,0.009534853302284624,0.15615664656111186,0.21917498309828837,15.0,1.0,15.999999999999975
549,0.009483603095133672,0.15614049150513895,0.21917792336909778,15.0,1.0,15.999999999999975
550,0.009432673721979989,0.1561244024555941,0.21918082650584167,15.0,1.0,15.999999999999975
551,0.009382063318413354,0.15610837693842988,0.21918369324227296,15.0,1.0,15.999999999999975
552,0.009331770080139468,0.1560924125403112,0.2191865243023483,15.0,1.0,15.999999999999975
553,0.009281792259866146,0.1560765069072688,0.21918932040027947,15.0,1.0,15.999999999999975
554,0.009232128160250964,0.15606065774353267,0.2191920822405755,15.0,1.0,15.999999999999975
555,0.009182776129562304,0.1560448628103918,0.21919481051808717,15.0,1.0,15.999999999999975
556,0.009133734557887963,0.1560291199250672,0.21919750591805448,15.0,1.0,15.999999999999975
557,0.009085001873498071,0.15601342695958856,0.21920016911615822,15.0,1.0,15.999999999999975
558,0.009036576539379915,0.15599778183969326,0.219202800778573,15.0,1.0,15.999999999999975
559,0.008988457049956072,0.1559821825437368,0.2192054015620238,15.0,1.0,15.999999999999975
560,0.008940641927989308,0.1559666271016229,0.21920797211384488,15.0,1.0,15.999999999999975
561,0.008893129721674555,0.15595111359374564,0.2192105130720398,15.0,1.0,15.999999999999975
562,0.008845919001915913,0.15593564014995606,0.21921302506534493,15.0,1.0,15.999999999999975
563,0.008799008359782777,0.15592020494854403,0.2192155087132939,15.0,1.0,15.999999999999975
564,0.008752396404139972,0.15590480621524005,0.21921796462628393,15.0,1.0,15.999999999999975
565,0.008706081759444088,0.155889442222229,0.21922039340564417,15.0,1.0,15.999999999999975
566,0.008660063063700214,0.15587411128718834,0.2192227956437058,15.0,1.0,15.999999999999975
567,0.008614338966569367,0.1558588117723404,0.21922517192387314,15.0,1.0,15.999999999999975
568,0.008568908127620942,0.15584354208352805,0.21922752282069607,15.0,1.0,15.999999999999975
569,0.008523769214721056,0.15582830066929282,0.2192298488999445,15.0,1.0,15.999999999999975
570,0.008478920902551312,0.15581308601998564,0.2192321507186836,15.0,1.0,15.999999999999975
571,0.00843436187124889,0.15579789666688817,0.21923442882535008,15.0,1.0,15.999999999999975
572,0.008390090805162294,0.15578273118134917,0.2192366837598298,15.0,1.0,15.999999999999975
573,0.008346106391716332,0.1557675881739368,0.21923891605353668,15.0,1.0,15.999999999999975
574,0.008302407320379183,0.15575246629360953,0.21924112622949166,15.0,1.0,15.999999999999975
575,0.008258992281726957,0.1557373642268998,0.21924331480240358,15.0,1.0,15.999999999999975
576,0.008215859966598842,0.1557222806971128,0.21924548227875001,15.0,1.0,15.999999999999975
577,0.008173009065338833,0.15570721446354568,0.21924762915685972,15.0,1.0,15.999999999999975
578,0.008130438267118073,0.15569216432071434,0.2192497559269943,15.0,1.0,15.999999999999975
579,0.008088146259333663,0.1556771290975978,0.21925186307143268,15.0,1.0,15.999999999999975
580,0.008046131727079603,0.1556621076568972,0.2192539510645536,15.0,1.0,15.999999999999975
581,0.008004393352685046,0.15564709889431158,0.2192560203729208,15.0,1.0,15.999999999999975
582,0.007962929815317219,0.15563210173782013,0.21925807145536735,15.0,1.0,15.999999999999975
583,0.007921739790643418,0.15561711514698115,0.21926010476308067,15.0,1.0,15.999999999999975
584,0.007880821950550723,0.15560213811225182,0.21926212073968782,15.0,1.0,15.999999999999975
585,0.007840174962918738,0.15558716965431127,0.21926411982134153,15.0,1.0,15.999999999999975
586,0.007799797491442061,0.15557220882339562,0.21926610243680555,15.0,1.0,15.999999999999975
587,0.007759688195501242,0.1555572546986581,0.21926806900754134,15.0,1.0,15.999999999999975
588,0.007719845730077318,0.1555423063875278,0.2192700199477935,15.0,1.0,15.999999999999975
589,0.0076802687457083844,0.15552736302509132,0.2192719556646762,15.0,1.0,15.999999999999975
590,0.007640955888486338,0.15551242377347418,0.21927387655825983,15.0,1.0,15.999999999999975
591,0.007601905800089856,0.15549748782124725,0.2192757830216568,15.0,1.0,15.999999999999975
592,0.007563117117851921,0.15548255438283928,0.21927767544110802,15.0,1.0,15.999999999999975
593,0.007524588474860782,0.1554676226979538,0.21927955419606873,15.0,1.0,15.999999999999975
594,0.007486318500090675,0.15545269203101228,0.21928141965929454,15.0,1.0,15.999999999999975
595,0.007448305818561583,0.15543776167059548,0.21928327219692742,15.0,1.0,15.999999999999975
596,0.007410549051524941,0.15542283092889814,0.21928511216858085,15.0,1.0,15.999999999999975
597,0.0073730468166752165,0.15540789914120132,0.2192869399274256,15.0,1.0,15.999999999999975
598,0.007335797728383377,0.1553929656653464,0.21928875582027466,15.0,1.0,15.999999999999975
599,0.007298800397952837,0.1553780298812209,0.21929056018766785,15.0,1.0,15.999999999999975
600,0.007262053433894722,0.1553630911902624,0.2192923533639566,15.0,1.0,15.999999999999975
601,0.007225555442221745,0.1553481490149629,0.21929413567738745,15.0,1.0,15.999999999999975
602,0.007189305026759128,0.1553332027983814,0.21929590745018643,15.0,1.0,15.999999999999975
603,0.007153300789470696,0.15531825200368024,0.2192976689986418,15.0,1.0,15.999999999999975
604,0.007117541330799949,0.15530329611365473,0.21929942063318705,15.0,1.0,15.999999999999975
605,0.007082025250023212,0.1552883346302809,0.21930116265848357,15.0,1.0,15.999999999999975
606,0.007046751145615561,0.15527336707427164,0.21930289537350187,15.0,1.0,15.999999999999975
607,0.007011717615626729,0.15525839298463484,0.21930461907160337,15.0,1.0,15.999999999999975
608,0.006976923258067557,0.15524341191825053,0.21930633404062133,15.0,1.0,15.999999999999975
609,0.006942366671303927,0.15522842344944918,0.21930804056294087,15.0,1.0,15.999999999999975
610,0.006908046454459311,0.15521342716960482,0.21930973891557878,15.0,1.0,15.999999999999975
611,0.0068739612078237205,0.15519842268672226,0.21931142937026282,15.0,1.0,15.999999999999975
612,0.006840109533268572,0.1551834096250569,0.21931311219351002,15.0,1.0,15.999999999999975
613,0.006806490034666733,0.1551683876247132,0.21931478764670467,15.0,1.0,15.999999999999975
614,0.0067731013183170916,0.15515335634127533,0.21931645598617563,15.0,1.0,15.999999999999975
615,0.00673994199337272,0.15513831544543585,0.21931811746327318,15.0,1.0,15.999999999999975
616,0.006707010672271785,0.15512326462262582,0.2193197723244445,15.0,1.0,15.999999999999975
617,0.006674305971171269,0.1551082035726607,0.2193214208113094,15.0,1.0,15.999999999999975
618,0.006641826510382773,0.15509313200939612,0.219323063160735,15.0,1.0,15.999999999999975
619,0.006609570915154235,0.1550780496603802,0.21932469960489095,15.0,1.0,15.999999999999975
620,0.006577537815934874,0.15506295626651978,0.2193263303713119,15.0,1.0,15.999999999999975
621,0.006545725848432915,0.1550478515817542,0.21932795568298039,15.0,1.0,15.999999999999975
622,0.006514133654145932,0.1550327353727276,0.2193295757584054,15.0,1.0,15.999999999999975
623,0.006482759880852074,0.15501760741847928,0.21933119081169872,15.0,1.0,15.999999999999975
624,0.0064516031830759175,0.15500246751013544,0.21933280105264907,15.0,1.0,15.999999999999975
625,0.006420662222538725,0.15498731545059946,0.2193344066867937,15.0,1.0,15.999999999999975
626,0.006389935668599182,0.15497215105426454,0.21933600791548938,15.0,1.0,15.999999999999975
627,0.006359422198686959,0.1549569741467171,0.2193376049359812,15.0,1.0,15.999999999999975
628,0.0063291204987312374,0.15494178456445676,0.21933919794147136,15.0,1.0,15.999999999999975
629,0.006299029263585106,0.15492658215461658,0.21934078712118557,15.0,1.0,15.999999999999975
630,0.006269147197445238,0.15491136677469433,0.21934237266043985,15.0,1.0,15.999999999999975
631,0.0062394730142677395,0.1548961382922784,0.21934395474070534,15.0,1.0,15.999999999999975
632,0.006210005438178968,0.15488089658479792,0.21934553353967315,15.0,1.0,15.999999999999975
633,0.006180743203880825,0.15486564153925642,0.21934710923131773,15.0,1.0,15.999999999999975
634,0.006151685057050198,0.15485037305198926,0.21934868198595983,15.0,1.0,15.999999999999975
635,0.006122829754731009,0.15483509102841575,0.21935025197032837,15.0,1.0,15.999999999999975
636,0.00609417606571813,0.15481979538280238,0.2193518193476218,15.0,1.0,15.999999999999975
637,0.006065722770932425,0.15480448603802258,0.21935338427756831,15.0,1.0,15.999999999999975
638,0.006037468663784578,0.15478916292533343,0.21935494691648572,15.0,1.0,15.999999999999975
639,0.00600941255052761,0.1547738259841483,0.21935650741734067,15.0,1.0,15.999999999999975
640,0.005981553250594742,0.15475847516181604,0.21935806592980597,15.0,1.0,15.999999999999975
641,0.005953889596922475,0.1547431104134059,0.21935962260031855,15.0,1.0,15.999999999999975
642,0.00592642043625528,0.1547277317014963,0.21936117757213636,15.0,1.0,15.999999999999975
643,0.005899144629430081,0.1547123389959747,0.2193627309853934,15.0,1.0,15.999999999999975
644,0.005872061051638348,0.15469693227382603,0.21936428297715557,15.0,1.0,15.999999999999975
645,0.005845168592662113,0.1546815115189415,0.21936583368147447,15.0,1.0,15.999999999999975
646,0.005818466157080943,0.15466607672192617,0.2193673832294418,15.0,1.0,15.999999999999975
647,0.0057919526644456985,0.1546506278799033,0.21936893174924144,15.0,1.0,15.999999999999975
648,0.005765627049416138,0.15463516499633873,0.21937047936620194,15.0,1.0,15.999999999999975
649,0.005739488261857375,0.15461968808085091,0.2193720262028479,15.0,1.0,15.999999999999975
650,0.005713535266890014,0.1546041971490407,0.2193735723789509,15.0,1.0,15.999999999999975
651,0.0056877670448895416,0.15458869222231472,0.2193751180115789,15.0,1.0,15.999999999999975
652,0.005662182591429197,0.15457317332771575,0.21937666321514607,15.0,1.0,15.999999999999975
653,0.005636780917160144,0.1545576404977604,0.21937820810146094,15.0,1.0,15.999999999999975
654,0.005611561047623583,0.1545420937702704,0.2193797527797745,15.0,1.0,15.999999999999975
655,0.005586522022987216,0.1545265331882216,0.21938129735682704,15.0,1.0,15.999999999999975
656,0.005561662897700059,0.15451095879958301,0.21938284193689458,15.0,1.0,15.999999999999975
657,0.005536982740058645,0.15449537065716792,0.21938438662183485,15.0,1.0,15.999999999999975
658,0.005512480631677267,0.15447976881848807,0.21938593151113217,15.0,1.0,15.999999999999975
659,0.005488155666855863,0.1544641533456033,0.21938747670194172,15.0,1.0,15.999999999999975
660,0.005464006951838615,0.15444852430498202,0.2193890222891334,15.0,1.0,15.999999999999975
661,0.005440033603956857,0.1544328817673664,0.2193905683653347,15.0,1.0,15.999999999999975
662,0.005416234750650604,0.15441722580762834,0.21939211502097306,15.0,1.0,15.999999999999975
663,0.005392609528364428,0.15440155650464565,0.2193936623443175,15.0,1.0,15.999999999999975
664,0.005369157081312036,0.15438587394116607,0.21939521042151983,15.0,1.0,15.999999999999975
665,0.005345876560109322,0.1543701782036867,0.21939675933665498,15.0,1.0,15.999999999999975
666,0.005322767120272753,0.1543544693823264,0.21939830917176065,15.0,1.0,15.999999999999975
667,0.005299827920585556,0.15433874757070312,0.21939986000687633,15.0,1.0,15.999999999999975
668,0.005277058121333947,0.15432301286582017,0.2194014119200823,15.0,1.0,15.999999999999975
669,0.005254456882419405,0.1543072653679481,0.2194029649875368,15.0,1.0,15.999999999999975
670,0.005232023361355585,0.15429150518051102,0.21940451928351404,15.0,1.0,15.999999999999975
671,0.005209756711160839,0.15427573240997872,0.2194060748804401,15.0,1.0,15.999999999999975
672,0.005187656078161738,0.15425994716575864,0.21940763184892945,15.0,1.0,15.999999999999975
673,0.00516572059972497,0.15424414956008756,0.21940919025782044,15.0,1.0,15.999999999999975
674,0.005143949401939148,0.15422833970793262,0.21941075017421005,15.0,1.0,15.999999999999975
675,0.005122341597271505,0.15421251772688913,0.219412311663488,15.0,1.0,15.999999999999975
676,0.0051008962822274425,0.15419668373707984,0.21941387478937113,15.0,1.0,15.999999999999975
677,0.005079612535042307,0.15418083786106576,0.21941543961393578,15.0,1.0,15.999999999999975
678,0.005058489413440196,0.154164980223745,0.21941700619765084,15.0,1.0,15.999999999999975
679,0.005037525952492436,0.15414911095226794,0.21941857459940983,15.0,1.0,15.999999999999975
680,0.005016721162612854,0.15413323017594097,0.2194201448765623,15.0,1.0,15.999999999999975
681,0.004996074027724683,0.15411733802614475,0.21942171708494476,15.0,1.0,15.999999999999975
682,0.004975583503634764,0.15410143463625037,0.2194232912789114,15.0,1.0,15.999999999999975
683,0.004955248516647242,0.1540855201415297,0.21942486751136356,15.0,1.0,15.999999999999975
684,0.004935067962448254,0.15406959467907821,0.21942644583377974,15.0,1.0,15.999999999999975
685,0.004915040705287532,0.15405365838773902,0.21942802629624406,15.0,1.0,15.999999999999975
686,0.004895165577478516,0.15403771140801814,0.21942960894747474,15.0,1.0,15.999999999999975
687,0.0048754413792340065,0.15402175388201508,0.21943119383485216,15.0,1.0,15.999999999999975
688,0.004855866878846947,0.15400578595335063,0.21943278100444602,15.0,1.0,15.999999999999975
689,0.004836440813219741,0.1539898077670854,0.2194343705010428,15.0,1.0,15.999999999999975
690,0.004817161888738507,0.153973819469659,0.21943596236817164,15.0,1.0,15.999999999999975
691,0.004798028782482625,0.15395782120882048,0.21943755664813044,15.0,1.0,15.999999999999975
692,0.004779040143751922,0.15394181313355743,0.21943915338201178,15.0,1.0,15.999999999999975
693,0.0047601945958882785,0.15392579539403536,0.21944075260972765,15.0,1.0,15.999999999999975
694,0.004741490738363436,0.15390976814153226,0.21944235437003423,15.0,1.0,15.999999999999975
695,0.004722927149099807,0.1538937315283776,0.21944395870055597,15.0,1.0,15.999999999999975
696,0.00470450238698715,0.15387768570789062,0.21944556563780931,15.0,1.0,15.999999999999975
697,0.00468621499455577,0.1538616308343227,0.21944717521722623,15.0,1.0,15.999999999999975
698,0.004668063500766386,0.15384556706279795,0.21944878747317687,15.0,1.0,15.999999999999975
699,0.004650046423874617,0.15382949454926295,0.2194504024389925,15.0,1.0,15.999999999999975
700,0.004632162274330397,0.15381341345042746,0.21945202014698667,15.0,1.0,15.999999999999975
701,0.004614409557674384,0.15379732392370868,0.21945364062847805,15.0,1.0,15.999999999999975
702,0.00459678677739448,0.15378122612718845,0.2194552639138108,15.0,1.0,15.999999999999975
703,0.004579292437710581,0.15376512021955607,0.21945689003237565,15.0,1.0,15.999999999999975
704,0.004561925046258004,0.15374900636005995,0.21945851901263072,15.0,1.0,15.999999999999975
705,0.004544683116645554,0.15373288470846144,0.21946015088212142,15.0,1.0,15.999999999999975
706,0.00452756517086612,0.15371675542498756,0.21946178566750002,15.0,1.0,15.999999999999975
707,0.004510569741545267,0.15370061867028528,0.21946342339454541,15.0,1.0,15.999999999999975
708,0.004493695374013643,0.1536844746053784,0.2194650640881817,15.0,1.0,15.999999999999975
709,0.004476940628196861,0.1536683233916246,0.21946670777249705,15.0,1.0,15.999999999999975
710,0.0044603040803168,0.15365216519067193,0.2194683544707622,15.0,1.0,15.999999999999975
711,0.004443784324403732,0.15363600016442186,0.21947000420544807,15.0,1.0,15.999999999999975
712,0.004427379973621871,0.15361982847498296,0.2194716569982434,15.0,1.0,15.999999999999975
713,0.00441108966141066,0.15360365028464026,0.21947331287007238,15.0,1.0,15.999999999999975
714,0.004394912042450209,0.1535874657558107,0.21947497184111117,15.0,1.0,15.999999999999975
715,0.004378845793457948,0.15357127505101226,0.219476633930805,15.0,1.0,15.999999999999975
716,0.004362889613825849,0.1535550783328261,0.21947829915788394,15.0,1.0,15.999999999999975
717,0.004347042226109774,0.15353887576386166,0.2194799675403795,15.0,1.0,15.999999999999975
718,0.004331302376380087,0.15352266750672386,0.21948163909563964,15.0,1.0,15.999999999999975
719,0.0043156688344469715,0.1535064537239777,0.21948331384034478,15.0,1.0,15.999999999999975
720,0.004300140393970285,0.1534902345781254,0.21948499179052258,15.0,1.0,15.999999999999975
721,0.004284715872466248,0.15347401023156182,0.21948667296156288,15.0,1.0,15.999999999999975
722,0.004269394111222173,0.1534577808465603,0.21948835736823188,15.0,1.0,15.999999999999975
723,0.004254173975129019,0.1534415465852282,0.219490045024687,15.0,1.0,15.999999999999975
724,0.0042390543524432256,0.1534253076094908,0.21949173594449028,15.0,1.0,15.999999999999975
725,0.004224034154486025,0.15340906408105764,0.21949343014062211,15.0,1.0,15.999999999999975
726,0.004209112315290835,0.1533928161613977,0.2194951276254951,15.0,1.0,15.999999999999975
727,0.004194287791205084,0.15337656401171407,0.2194968284109666,15.0,1.0,15.999999999999975
728,0.0041795595604559605,0.15336030779291743,0.21949853250835208,15.0,1.0,15.999999999999975
729,0.004164926622685717,0.15334404766560114,0.21950023992843748,15.0,1.0,15.999999999999975
730,0.004150387998463368,0.1533277837900251,0.2195019506814918,15.0,1.0,15.999999999999975
731,0.004135942728778003,0.153311516326081,0.21950366477727917,15.0,1.0,15.999999999999975
732,0.004121589874519509,0.15329524543327977,0.21950538222507057,15.0,1.0,15.999999999999975
733,0.0041073285159501215,0.15327897127072604,0.2195071030336557,15.0,1.0,15.999999999999975
734,0.004093157752171615,0.153262693997099,0.21950882721135442,15.0,1.0,15.999999999999975
735,0.004079076700590609,0.1532464137706296,0.2195105547660278,15.0,1.0,15.999999999999975
736,0.004065084496386042,0.1532301307490853,0.21951228570508913,15.0,1.0,15.999999999999975
737,0.004051180291980285,0.15321384508974845,0.21951402003551487,15.0,1.0,15.999999999999975
738,0.004037363256516771,0.1531975569493975,0.21951575776385493,15.0,1.0,15.999999999999975
739,0.004023632575345441,0.15318126648429128,0.2195174988962429,15.0,1.0,15.999999999999975
740,0.004009987449518206,0.15316497385015262,0.21951924343840676,15.0,1.0,15.999999999999975
741,0.003996427095294356,0.15314867920215045,0.21952099139567804,15.0,1.0,15.999999999999975
742,0.003982950743658343,0.15313238269487994,0.21952274277300204,15.0,1.0,15.999999999999975
743,0.003969557639850143,0.15311608448235825,0.21952449757494724,15.0,1.0,15.999999999999975
744,0.003956247042908168,0.15309978471799746,0.21952625580571436,15.0,1.0,15.999999999999975
745,0.003943018225226082,0.15308348355459842,0.2195280174691457,15.0,1.0,15.999999999999975
746,0.003929870472123353,0.15306718114433276,0.2195297825687342,15.0,1.0,15.999999999999975
747,0.003916803081429282,0.1530508776387312,0.21953155110763184,15.0,1.0,15.999999999999975
748,0.0039038153630817293,0.15303457318867147,0.21953332308865867,15.0,1.0,15.999999999999975
749,0.003890906638739148,0.15301826794436463,0.21953509851431055,15.0,1.0,15.999999999999975
750,0.0038780762414063873,0.15300196205534222,0.2195368773867683,15.0,1.0,15.999999999999975
751,0.00386532351507465,0.15298565567045072,0.21953865970790484,15.0,1.0,15.999999999999975
752,0.0038526478143741487,0.1529693489378326,0.2195404454792933,15.0,1.0,15.999999999999975
753,0.0038400485042403743,0.15295304200492085,0.21954223470221532,15.0,1.0,15.999999999999975
754,0.0038275249595925093,0.15293673501842736,0.21954402737766798,15.0,1.0,15.999999999999975
755,0.003815076565024858,0.15292042812433243,0.21954582350637133,15.0,1.0,15.999999999999975
756,0.003802702714510159,0.15290412146787755,0.21954762308877587,15.0,1.0,15.999999999999975
757,0.0037904028111145323,0.15288781519355513,0.21954942612506922,15.0,1.0,15.999999999999975
758,0.0037781762667234335,0.1528715094451,0.21955123261518358,15.0,1.0,15.999999999999975
759,0.0037660225017792726,0.1528552043654821,0.21955304255880212,15.0,1.0,15.999999999999975
760,0.003753940945028811,0.15283890009689882,0.21955485595536556,15.0,1.0,15.999999999999975
761,0.0037419310332811083,0.15282259678076196,0.2195566728040794,15.0,1.0,15.999999999999975
762,0.003729992211175012,0.15280629455770142,0.2195584931039193,15.0,1.0,15.999999999999975
763,0.003718123930956079,0.15278999356755243,0.219560316853638,15.0,1.0,15.999999999999975
764,0.003706325652262566,0.15277369394934512,0.2195621440517713,15.0,1.0,15.999999999999975
765,0.0036945968419200377,0.15275739584130388,0.2195639746966436,15.0,1.0,15.999999999999975
766,0.003682936973754099,0.15274109938084332,0.21956580878637394,15.0,1.0,15.999999999999975
767,0.003671345528406693,0.15272480470455663,0.2195676463188804,15.0,1.0,15.999999999999975
768,0.0036598219931317745,0.15270851194821364,0.21956948729188655,15.0,1.0,15.999999999999975
769,0.003648365861622696,0.15269222124675705,0.2195713317029267,15.0,1.0,15.999999999999975
770,0.003636976633846296,0.15267593273429703,0.21957317954935224,15.0,1.0,15.999999999999975
771,0.003625653815883012,0.15265964654410405,0.21957503082833624,15.0,1.0,15.999999999999975
772,0.003614396919772692,0.15264336280861004,0.21957688553687937,15.0,1.0,15.999999999999975
773,0.0036032054633666566,0.15262708165940067,0.21957874367181449,15.0,1.0,15.999999999999975
774,0.0035920789701851174,0.15261080322720977,0.21958060522981176,15.0,1.0,15.999999999999975
775,0.003581016969279994,0.15259452764192466,0.21958247020738383,15.0,1.0,15.999999999999975
776,0.003570018995102987,0.1525782550325731,0.21958433860088983,15.0,1.0,15.999999999999975
777,0.003559084587378784,0.15256198552732664,0.2195862104065406,15.0,1.0,15.999999999999975
778,0.0035482132909826145,0.15254571925349797,0.2195880856204026,15.0,1.0,15.999999999999975
779,0.003537404655822973,0.1525294563375346,0.21958996423840313,15.0,1.0,15.999999999999975
780,0.0035266582367281885,0.15251319690501977,0.21959184625633374,15.0,1.0,15.999999999999975
781,0.003515973593337403,0.15249694108066714,0.21959373166985502,15.0,1.0,15.999999999999975
782,0.0035053502899955744,0.15248068898832692,0.21959562047450026,15.0,1.0,15.999999999999975
783,0.003494787895652023,0.15246444075097687,0.21959751266567987,15.0,1.0,15.999999999999975
784,0.003484285983762956,0.15244819649072022,0.21959940823868493,15.0,1.0,15.999999999999975
785,0.0034738441321972282,0.15243195632879175,0.21960130718869125,15.0,1.0,15.999999999999975
786,0.0034634619231455857,0.15241572038555137,0.21960320951076306,15.0,1.0,15.999999999999975
787,0.0034531389430327414,0.1523994887804832,0.21960511519985668,15.0,1.0,15.999999999999975
788,0.003442874782432988,0.15238326163220006,0.2196070242508239,15.0,1.0,15.999999999999975
789,0.0034326690359882273,0.15236703905843332,0.21960893665841574,15.0,1.0,15.999999999999975
790,0.0034225213023289878,0.15235082117604481,0.21961085241728578,15.0,1.0,15.999999999999975
791,0.0034124311839982477,0.15233460810101687,0.21961277152199324,15.0,1.0,15.999999999999975
792,0.0034023982873775116,0.1523183999484599,0.2196146939670066,15.0,1.0,15.999999999999975
793,0.003392422222615347,0.15230219683260388,0.21961661974670682,15.0,1.0,15.999999999999975
794,0.0033825026035582875,0.1522859988668063,0.21961854885538987,15.0,1.0,15.999999999999975
795,0.0033726390476841225,0.15226980616355,0.21962048128727052,15.0,1.0,15.999999999999975
796,0.003362831176037005,0.15225361883444294,0.21962241703648483,15.0,1.0,15.999999999999975
797,0.003353078613164892,0.15223743699022302,0.219624356097093,15.0,1.0,15.999999999999975
798,0.003343380987058677,0.1522212607407511,0.21962629846308263,15.0,1.0,15.999999999999975
799,0.0033337379290931486,0.15220509019502013,0.21962824412837112,15.0,1.0,15.999999999999975
800,0.003324149073970297,0.1521889254611506,0.21963019308680845,15.0,1.0,15.999999999999975
801,0.003314614059663536,0.15217276664639678,0.21963214533217995,15.0,1.0,15.999999999999975
802,0.003305132527364273,0.15215661385714413,0.21963410085820864,15.0,1.0,15.999999999999975
803,0.0032957041214295565,0.1521404671989113,0.21963605965855795,15.0,1.0,15.999999999999975
804,0.003286328489331536,0.1521243267763528,0.2196380217268342,15.0,1.0,15.999999999999975
805,0.003277005281608315,0.15210819269326206,0.21963998705658866,15.0,1.0,15.999999999999975
806,0.0032677341518161126,0.15209206505257095,0.21964195564132033,15.0,1.0,15.999999999999975
807,0.003258514756482837,0.1520759439563538,0.21964392747447803,15.0,1.0,15.999999999999975
808,0.0032493467550630496,0.1520598295058261,0.2196459025494625,15.0,1.0,15.999999999999975
809,0.003240229809894093,0.15204372180134762,0.21964788085962897,15.0,1.0,15.999999999999975
810,0.0032311635861533034,0.1520276209424303,0.21964986239828874,15.0,1.0,15.999999999999975
811,0.0032221477518164995,0.15201152702772971,0.2196518471587116,15.0,1.0,15.999999999999975
812,0.003213181977617797,0.15199544015505828,0.219653835134128,15.0,1.0,15.999999999999975
813,0.0032042659370098577,0.15197936042138155,0.21965582631773053,15.0,1.0,15.999999999999975
814,0.0031953993061260583,0.15196328792282204,0.21965782070267625,15.0,1.0,15.999999999999975
815,0.0031865817637428476,0.15194722275466258,0.21965981828208853,15.0,1.0,15.999999999999975
816,0.003177812991243542,0.15193116501134915,0.2196618190490587,15.0,1.0,15.999999999999975
817,0.003169092672582749,0.15191511478648806,0.21966382299664802,15.0,1.0,15.999999999999975
818,0.0031604204942521016,0.15189907217286008,0.21966583011788918,15.0,1.0,15.999999999999975
819,0.0031517961452464157,0.15188303726241328,0.2196678404057883,15.0,1.0,15.999999999999975
820,0.0031432193170307875,0.15186701014627044,0.21966985385332644,15.0,1.0,15.999999999999975
821,0.003134689703508814,0.15185099091473034,0.21967187045346107,15.0,1.0,15.999999999999975
822,0.0031262070009911848,0.15183497965727694,0.21967389019912797,15.0,1.0,15.999999999999975
823,0.0031177709081652385,0.151818976462569,0.21967591308324272,15.0,1.0,15.999999999999975
824,0.003109381126065034,0.15180298141845666,0.2196779390987017,15.0,1.0,15.999999999999975
825,0.0031010373580426234,0.151786994611978,0.21967996823838412,15.0,1.0,15.999999999999975
826,0.003092739309739408,0.15177101612936625,0.21968200049515335,15.0,1.0,15.999999999999975
827,0.0030844866890585264,0.1517550460560463,0.2196840358618581,15.0,1.0,15.999999999999975
828,0.0030762792061377704,0.15173908447664716,0.2196860743313337,15.0,1.0,15.999999999999975
829,0.0030681165733231694,0.15172313147499955,0.21968811589640383,15.0,1.0,15.999999999999975
830,0.003059998505143144,0.15170718713413933,0.21969016054988144,15.0,1.0,15.999999999999975
831,0.003051924718283128,0.1516912515363109,0.2196922082845701,15.0,1.0,15.999999999999975
832,0.003043894931560958,0.15167532476297857,0.2196942590932652,15.0,1.0,15.999999999999975
833,0.0030359088659028003,0.15165940689481638,0.21969631296875516,15.0,1.0,15.999999999999975
834,0.0030279662443193616,0.15164349801172322,0.21969836990382255,15.0,1.0,15.999999999999975
835,0.0030200667918829924,0.15162759819282307,0.21970042989124536,15.0,1.0,15.999999999999975
836,0.0030122102357048146,0.1516117075164645,0.21970249292379787,15.0,1.0,15.999999999999975
837,0.003004396304912859,0.15159582606023211,0.21970455899425165,15.0,1.0,15.999999999999975
838,0.002996624730630297,0.15157995390094128,0.219706628095377,15.0,1.0,15.999999999999975
839,0.0029888952459543594,0.1515640911146498,0.21970870021994365,15.0,1.0,15.999999999999975
840,0.002981207585935374,0.15154823777665932,0.2197107753607216,15.0,1.0,15.999999999999975
841,0.0029735614875567177,0.15153239396151916,0.2197128535104825,15.0,1.0,15.999999999999975
842,0.002965956689714877,0.15151655974302372,0.219714934662,15.0,1.0,15.999999999999975
843,0.002958392933200012,0.15150073519422894,0.21971701880805147,15.0,1.0,15.999999999999975
844,0.002950869960676699,0.1514849203874461,0.21971910594141797,15.0,1.0,15.999999999999975
845,0.0029433875166654817,0.15146911539425026,0.21972119605488552,15.0,1.0,15.999999999999975
846,0.002935945347524413,0.1514533202854837,0.21972328914124606,15.0,1.0,15.999999999999975
847,0.002928543201431278,0.15143753513125793,0.21972538519329812,15.0,1.0,15.999999999999975
848,0.0029211808283658913,0.151421760000958,0.21972748420384747,15.0,1.0,15.999999999999975
849,0.002913857980092955,0.15140599496325075,0.21972958616570792,15.0,1.0,15.999999999999975
850,0.0029065744101450758,0.15139024008607962,0.21973169107170237,15.0,1.0,15.999999999999975
851,0.002899329873806248,0.15137449543668097,0.2197337989146631,15.0,1.0,15.999999999999975
852,0.002892124128095644,0.15135876108157964,0.2197359096874326,15.0,1.0,15.999999999999975
853,0.002884956931751619,0.1513430370865926,0.21973802338286452,15.0,1.0,15.999999999999975
854,0.00287782804521629,0.15132732351683964,0.2197401399938236,15.0,1.0,15.999999999999975
855,0.0028707372306199614,0.15131162043673957,0.21974225951318735,15.0,1.0,15.999999999999975
856,0.0028636842517662554,0.15129592791002047,0.2197443819338455,15.0,1.0,15.999999999999975
857,0.0028566688741172882,0.1512802459997199,0.21974650724870176,15.0,1.0,15.999999999999975
858,0.002849690864779177,0.1512645747681906,0.21974863545067339,15.0,1.0,15.999999999999975
859,0.002842749992488001,0.15124891427710518,0.21975076653269235,15.0,1.0,15.999999999999975
860,0.002835846027595547,0.15123326458745853,0.21975290048770554,15.0,1.0,15.999999999999975
861,0.00282897874205576,0.15121762575957143,0.21975503730867574,15.0,1.0,15.999999999999975
862,0.002822147909411477,0.1512019978530974,0.21975717698858155,15.0,1.0,15.999999999999975
863,0.0028153533047809206,0.15118638092702721,0.21975931952041836,15.0,1.0,15.999999999999975
864,0.0028085947048447886,0.15117077503968818,0.21976146489719825,15.0,1.0,15.999999999999975
865,0.0028018718878335437,0.15115518024875466,0.21976361311195144,15.0,1.0,15.999999999999975
866,0.0027951846335150694,0.15113959661124352,0.2197657641577256,15.0,1.0,15.999999999999975
867,0.0027885327231819777,0.15112402418352933,0.21976791802758702,15.0,1.0,15.999999999999975
868,0.002781915939639756,0.15110846302133668,0.2197700747146208,15.0,1.0,15.999999999999975
869,0.0027753340671948764,0.15109291317975618,0.21977223421193112,15.0,1.0,15.999999999999975
870,0.002768786891642903,0.1510773747132353,0.2197743965126419,15.0,1.0,15.999999999999975
871,0.002762274200257278,0.1510618476755988,0.21977656160989692,15.0,1.0,15.999999999999975
872,0.002755795781777674,0.1510463321200361,0.21977872949686036,15.0,1.0,15.999999999999975
873,0.0027493514263991566,0.15103082809911658,0.21978090016671706,15.0,1.0,15.999999999999975
874,0.0027429409257608826,0.15101533566479025,0.21978307361267274,15.0,1.0,15.999999999999975
875,0.0027365640729356796,0.15099985486838896,0.21978524982795472,15.0,1.0,15.999999999999975
876,0.002730220662419233,0.15098438576063583,0.21978742880581179,15.0,1.0,15.999999999999975
877,0.002723910490119742,0.15096892839164447,0.21978961053951462,15.0,1.0,15.999999999999975
878,0.002717633353347476,0.15095348281092658,0.21979179502235618,15.0,1.0,15.999999999999975
879,0.0027113890508048107,0.1509380490673964,0.21979398224765206,15.0,1.0,15.999999999999975
880,0.00270517738257606,0.15092262720936905,0.2197961722087404,15.0,1.0,15.999999999999975
881,0.0026989981501179205,0.1509072172845698,0.2197983648989825,15.0,1.0,15.999999999999975
882,0.002692851156249521,0.15089181934013912,0.21980056031176282,15.0,1.0,15.999999999999975
883,0.002686736205142955,0.1508764334226305,0.2198027584404895,15.0,1.0,15.999999999999975
884,0.0026806531023139883,0.15086105957802137,0.21980495927859414,15.0,1.0,15.999999999999975
885,0.0026746016546125885,0.15084569785171228,0.21980716281953255,15.0,1.0,15.999999999999975
886,0.002668581670213877,0.15083034828853237,0.21980936905678441,15.0,1.0,15.999999999999975
887,0.002662592958609152,0.15081501093274452,0.21981157798385406,15.0,1.0,15.999999999999975
888,0.0026566353305968833,0.15079968582804712,0.21981378959426998,15.0,1.0,15.999999999999975
889,0.0026507085982739676,0.15078437301758157,0.2198160038815858,15.0,1.0,15.999999999999975
890,0.002644812575027013,0.15076907254393,0.21981822083937957,15.0,1.0,15.999999999999975
891,0.002638947075523842,0.15075378444912407,0.21982044046125462,15.0,1.0,15.999999999999975
892,0.002633111915705116,0.15073850877465247,0.21982266274083948,15.0,1.0,15.999999999999975
893,0.0026273069127757745,0.15072324556145342,0.21982488767178796,15.0,1.0,15.999999999999975
894,0.002621531885196983,0.15070799484992867,0.21982711524777934,15.0,1.0,15.999999999999975
895,0.0026157866526779847,0.1506927566799446,0.21982934546251848,15.0,1.0,15.999999999999975
896,0.002610071036167904,0.15067753109083332,0.21983157830973596,15.0,1.0,15.999999999999975
897,0.0026043848578480187,0.15066231812139827,0.21983381378318834,15.0,1.0,15.999999999999975
898,0.002598727941123642,0.15064711780992152,0.21983605187665786,15.0,1.0,15.999999999999975
899,0.002593100110616657,0.1506319301941634,0.21983829258395307,15.0,1.0,15.999999999999975
900,0.0025875011921575627,0.1506167553113633,0.21984053589890865,15.0,1.0,15.999999999999975
901,0.0025819310127780347,0.1506015931982528,0.21984278181538527,15.0,1.0,15.999999999999975
902,0.0025763894007033994,0.15058644389104975,0.21984503032727024,15.0,1.0,15.999999999999975
903,0.0025708761853452254,0.15057130742547017,0.2198472814284771,15.0,1.0,15.999999999999975
904,0.0025653911972938624,0.15055618383672598,0.21984953511294572,15.0,1.0,15.999999999999975
905,0.002559934268311346,0.15054107315952944,0.2198517913746429,15.0,1.0,15.999999999999975
906,0.0025545052313239933,0.15052597542810164,0.21985405020756169,15.0,1.0,15.999999999999975
907,0.00254910392041543,0.15051089067616807,0.21985631160572183,15.0,1.0,15.999999999999975
908,0.002543730170819482,0.15049581893697345,0.21985857556316996,15.0,1.0,15.999999999999975
909,0.0025383838189131955,0.15048076024327325,0.2198608420739792,15.0,1.0,15.999999999999975
910,0.0025330647022098725,0.15046571462734445,0.21986311113224977,15.0,1.0,15.999999999999975
911,0.0025277726593523333,0.15045068212099053,0.2198653827321083,15.0,1.0,15.999999999999975
912,0.0025225075301060565,0.15043566275553855,0.2198676568677086,15.0,1.0,15.999999999999975
913,0.0025172691553523568,0.15042065656184797,0.21986993353323123,15.0,1.0,15.999999999999975
914,0.0025120573770819705,0.15040566357031235,0.21987221272288363,15.0,1.0,15.999999999999975
915,0.0025068720383880977,0.15039068381086224,0.21987449443090015,15.0,1.0,15.999999999999975
916,0.002501712983460222,0.15037571731297272,0.21987677865154212,15.0,1.0,15.999999999999975
917,0.0024965800575774246,0.15036076410565935,0.21987906537909774,15.0,1.0,15.999999999999975
918,0.0024914731071019073,0.1503458242174879,0.21988135460788208,15.0,1.0,15.999999999999975
919,0.0024863919794727695,0.15033089767657748,0.21988364633223725,15.0,1.0,15.999999999999975
920,0.002481336523199632,0.15031598451060071,0.21988594054653224,15.0,1.0,15.999999999999975
921,0.002476306587856276,0.1503010847467923,0.21988823724516285,15.0,1.0,15.999999999999975
922,0.002471302024074534,0.150286198411944,0.21989053642255213,15.0,1.0,15.999999999999975
923,0.002466322683538122,0.1502713255324153,0.2198928380731495,15.0,1.0,15.999999999999975
924,0.0024613684189764406,0.1502564661341348,0.21989514219143166,15.0,1.0,15.999999999999975
925,0.0024564390841585746,0.15024162024260498,0.21989744877190198,15.0,1.0,15.999999999999975
926,0.0024515345338872938,0.15022678788290209,0.2198997578090907,15.0,1.0,15.999999999999975
927,0.002446654623993001,0.1502119690796807,0.2199020692975548,15.0,1.0,15.999999999999975
928,0.0024417992113279453,0.15019716385717938,0.2199043832318782,15.0,1.0,15.999999999999975
929,0.0024369681537601004,0.15018237223922104,0.21990669960667125,15.0,1.0,15.999999999999975
930,0.0024321613101676784,0.1501675942492169,0.21990901841657126,15.0,1.0,15.999999999999975
931,0.002427378540433017,0.15015282991017181,0.21991133965624213,15.0,1.0,15.999999999999975
932,0.0024226197054371037,0.15013807924468647,0.21991366332037415,15.0,1.0,15.999999999999975
933,0.0024178846670536817,0.1501233422749554,0.21991598940368456,15.0,1.0,15.999999999999975
934,0.002413173288143734,0.1501086190227803,0.21991831790091693,15.0,1.0,15.999999999999975
935,0.0024084854325498407,0.15009390950956414,0.21992064880684128,15.0,1.0,15.999999999999975
936,0.0024038209650904746,0.1500792137563191,0.21992298211625402,15.0,1.0,15.999999999999975
937,0.002399179751554772,0.1500645317836701,0.21992531782397787,15.0,1.0,15.999999999999975
938,0.002394561658696769,0.15004986361185546,0.21992765592486208,15.0,1.0,15.999999999999975
939,0.002389966554230071,0.15003520926072736,0.21992999641378203,15.0,1.0,15.999999999999975
940,0.0023853943068224692,0.15002056874976194,0.2199323392856392,15.0,1.0,15.999999999999975
941,0.002380844786090628,0.1500059420980577,0.21993468453536133,15.0,1.0,15.999999999999975
942,0.002376317862594694,0.14999132932434014,0.2199370321579021,15.0,1.0,15.999999999999975
943,0.0023718134078329705,0.14997673044696408,0.2199393821482413,15.0,1.0,15.999999999999975
944,0.002367331294236857,0.14996214548391643,0.21994173450138454,15.0,1.0,15.999999999999975
945,0.002362871395165461,0.14994757445282217,0.21994408921236322,15.0,1.0,15.999999999999975
946,0.0023584335849005083,0.149933017370939,0.21994644627623489,15.0,1.0,15.999999999999975
947,0.002354017738641417,0.14991847425517094,0.21994880568808242,15.0,1.0,15.999999999999975
948,0.00234962373249983,0.14990394512206595,0.2199511674430143,15.0,1.0,15.999999999999975
949,0.002345251443494961,0.14988942998781812,0.21995353153616495,15.0,1.0,15.999999999999975
950,0.0023409007495483456,0.14987492886827083,0.2199558979626939,15.0,1.0,15.999999999999975
951,0.002336571529479013,0.1498604417789215,0.21995826671778632,15.0,1.0,15.999999999999975
952,0.0023322636629984463,0.14984596873492495,0.21996063779665267,15.0,1.0,15.999999999999975
953,0.0023279770307057957,0.14983150975109133,0.21996301119452846,15.0,1.0,15.999999999999975
954,0.0023237115140830305,0.14981706484189608,0.21996538690667458,15.0,1.0,15.999999999999975
955,0.0023194669954899635,0.14980263402147748,0.2199677649283768,15.0,1.0,15.999999999999975
956,0.0023152433581597144,0.14978821730363856,0.21997014525494596,15.0,1.0,15.999999999999975
957,0.002311040486193819,0.14977381470185405,0.21997252788171792,15.0,1.0,15.999999999999975
958,0.0023068582645575904,0.14975942622927274,0.21997491280405326,15.0,1.0,15.999999999999975
959,0.0023026965790754143,0.14974505189871523,0.21997730001733715,15.0,1.0,15.999999999999975
960,0.0022985553164261126,0.1497306917226846,0.21997968951697952,15.0,1.0,15.999999999999975
961,0.0022944343641383485,0.1497163457133631,0.2199820812984149,15.0,1.0,15.999999999999975
962,0.0022903336105861375,0.1497020138826142,0.21998447535710225,15.0,1.0,15.999999999999975
963,0.002286252944984246,0.1496876962419894,0.21998687168852474,15.0,1.0,15.999999999999975
964,0.002282192257383724,0.14967339280272646,0.21998927028819,15.0,1.0,15.999999999999975
965,0.0022781514386675033,0.14965910357576032,0.2199916711516297,15.0,1.0,15.999999999999975
966,0.002274130380545802,0.14964482857171216,0.2199940742743997,15.0,1.0,15.999999999999975
967,0.002270128975551961,0.14963056780090708,0.21999647965207975,15.0,1.0,15.999999999999975
968,0.0022661471170378955,0.14961632127336363,0.2199988872802735,15.0,1.0,15.999999999999975
969,0.002262184699169929,0.14960208899880517,0.2200012971546084,15.0,1.0,15.999999999999975
970,0.002258241616924294,0.14958787098665852,0.22000370927073568,15.0,1.0,15.999999999999975
971,0.0022543177660830564,0.14957366724605628,0.22000612362433003,15.0,1.0,15.999999999999975
972,0.0022504130432299055,0.14955947778584008,0.2200085402110899,15.0,1.0,15.999999999999975
973,0.0022465273457456403,0.14954530261456295,0.22001095902673662,15.0,1.0,15.999999999999975
974,0.0022426605718044836,0.14953114174049412,0.22001338006701535,15.0,1.0,15.999999999999975
975,0.002238812620369438,0.14951699517161857,0.22001580332769433,15.0,1.0,15.999999999999975
976,0.002234983391188491,0.14950286291564008,0.22001822880456465,15.0,1.0,15.999999999999975
977,0.002231172784790343,0.14948874497998246,0.22002065649344069,15.0,1.0,15.999999999999975
978,0.002227380702480519,0.14947464137179425,0.2200230863901595,15.0,1.0,15.999999999999975
979,0.0022236070463370846,0.14946055209795348,0.22002551849058108,15.0,1.0,15.999999999999975
980,0.0022198517192069385,0.14944647716506135,0.2200279527905881,15.0,1.0,15.999999999999975
981,0.002216114624701435,0.14943241657945106,0.2200303892860859,15.0,1.0,15.999999999999975
982,0.0022123956671928216,0.14941837034719122,0.22003282797300205,15.0,1.0,15.999999999999975
983,0.00220869475180995,0.1494043384740863,0.2200352688472869,15.0,1.0,15.999999999999975
984,0.002205011784434466,0.1493903209656742,0.22003771190491275,15.0,1.0,15.999999999999975
985,0.0022013466716969765,0.14937631782723687,0.22004015714187433,15.0,1.0,15.999999999999975
986,0.0021976993209730043,0.1493623290637989,0.22004260455418834,15.0,1.0,15.999999999999975
987,0.002194069640379173,0.14934835468012694,0.2200450541378934,15.0,1.0,15.999999999999975
988,0.002190457538769424,0.14933439468073642,0.22004750588905012,15.0,1.0,15.999999999999975
989,0.0021868629257311054,0.14932044906989078,0.22004995980374098,15.0,1.0,15.999999999999975
990,0.00218328571158098,0.14930651785160282,0.22005241587806984,15.0,1.0,15.999999999999975
991,0.002179725807361587,0.1492926010296415,0.22005487410816235,15.0,1.0,15.999999999999975
992,0.002176183124837346,0.14927869860753176,0.22005733449016557,15.0,1.0,15.999999999999975
993,0.002172657576490887,0.14926481058855562,0.22005979702024792,15.0,1.0,15.999999999999975
994,0.0021691490755189674,0.14925093697575384,0.22006226169459903,15.0,1.0,15.999999999999975
995,0.002165657535828906,0.14923707777193,0.22006472850942985,15.0,1.0,15.999999999999975
996,0.002162182872034627,0.14922323297965184,0.2200671974609721,15.0,1.0,15.999999999999975
997,0.002158724999453003,0.14920940260125354,0.2200696685454788,15.0,1.0,15.999999999999975
998,0.002155283834099875,0.1491955866388344,0.22007214175922368,15.0,1.0,15.999999999999975
999,0.0021518592926865207,0.14918178509426877,0.2200746170985011,15.0,1.0,15.999999999999975
